Name,Pos,Team,IP,K/9,BB/9,HR/9,BABIP,LOB%,ERA,FIP,WAR
Total,SP,FA,5129,8.1,2.9,1.2,0.297,72.00%,4.19,4.21,59.8
Total,SP,PHI,951,8.3,2.6,1.1,0.294,73.30%,3.79,3.9,16
Total,SP,LAD,932,9.5,2.9,1.2,0.295,73.40%,3.85,3.84,15.5
Total,SP,ATL,937,9.5,2.8,1.1,0.298,73.20%,3.78,3.71,14.9
Total,SP,MIN,923,9,2.4,1.3,0.294,72.60%,3.98,3.9,14.4
Total,SP,PIT,933,8.8,3,1.1,0.299,72.10%,4.01,3.95,14.3
Total,SP,KCR,942,8.4,2.8,1.1,0.303,71.80%,4.04,3.94,14.2
Total,SP,TEX,922,9.1,2.7,1.2,0.291,72.90%,3.96,3.97,14.2
Total,SP,SEA,947,8.7,2.1,1.2,0.287,73.60%,3.7,3.78,13.6
Total,SP,NYY,921,9.3,2.9,1.3,0.288,73.60%,3.96,4.06,13.5
Total,SP,TBR,919,9.3,2.8,1.2,0.291,73.70%,3.81,3.86,13.5
Total,SP,MIA,930,8.6,2.9,1.1,0.301,72.40%,4,3.95,13.5
Total,SP,HOU,939,8.9,3.2,1.1,0.299,72.60%,4.02,4.02,12.6
Total,SP,DET,926,8.3,2.7,1.1,0.293,72.40%,3.9,3.93,12.5
Total,SP,STL,932,7.7,2.7,1.1,0.299,72.10%,4.02,4.04,12
Total,SP,SDP,925,8.7,3.1,1.2,0.291,72.60%,4.1,4.19,11.8
Total,SP,CIN,926,8.6,3.1,1.4,0.299,71.60%,4.54,4.51,11.7
Total,SP,MIL,921,9.1,3.2,1.3,0.291,73.00%,4.11,4.19,11.5
Total,SP,ARI,930,8.2,2.7,1.2,0.303,71.70%,4.14,4,11.3
Total,SP,CHC,926,8.3,2.7,1.2,0.295,72.70%,4.03,4.07,11.3
Total,SP,BOS,920,7.8,2.9,1.2,0.305,70.60%,4.35,4.22,11.2
Total,SP,BAL,922,8.2,2.8,1.2,0.292,73.00%,4.03,4.14,10.9
Total,SP,CHW,905,8.3,3.4,1.3,0.291,72.30%,4.33,4.46,10.7
Total,SP,TOR,953,8.3,2.9,1.3,0.292,72.00%,4.2,4.23,10.6
Total,SP,NYM,927,8.4,3.3,1.1,0.292,73.00%,4.02,4.19,10.3
Total,SP,SFG,924,8.7,3.1,1,0.299,72.30%,3.95,3.91,10.3
Total,SP,WSH,912,8.4,3.5,1.2,0.29,72.50%,4.23,4.39,9.3
Total,SP,LAA,925,7.5,3.2,1.3,0.298,71.30%,4.5,4.58,8.5
Total,SP,COL,917,7,2.8,1.4,0.313,69.00%,5.05,4.74,8.3
Total,SP,CLE,912,8.4,3.3,1.3,0.293,72.20%,4.33,4.38,8
Total,SP,ATH,919,7.1,3,1.2,0.288,71.30%,4.33,4.53,7.2
Mason Miller,RP,ATH,68,13.3,3.1,0.7,0.282,79.20%,2.47,2.44,2.2
Jacob deGrom,SP,TEX,176,12.2,1.8,1,0.286,76.70%,2.85,2.62,6
Félix Bautista,RP,BAL,64,13.1,3.4,0.8,0.285,78.50%,2.7,2.68,1.8
Total,RP,MIN,535,9.2,3.1,1,0.299,73.20%,3.8,3.78,5.2
Paul Skenes,SP,PIT,188,11.6,2.6,0.8,0.3,76.20%,2.81,2.68,5.8
Jhoan Duran,RP,MIN,65,11.2,3,0.6,0.306,76.10%,2.8,2.74,1.7
Edwin Díaz,RP,NYM,66,12.4,3.2,0.8,0.285,76.50%,2.89,2.81,1.6
Total,RP,BAL,536,9.1,3.5,1.1,0.293,74.00%,3.8,3.95,4.2
Tarik Skubal,SP,DET,199,10.7,2.1,0.9,0.29,76.40%,2.89,2.9,5.2
Total,RP,MIL,537,9.4,3.5,1.1,0.294,74.10%,3.78,3.9,4
Total,RP,PHI,507,8.7,3.5,1.2,0.291,73.40%,4.02,4.22,4
Garrett Crochet,SP,CHW,170,11.8,2.7,0.9,0.29,76.90%,2.93,2.92,4.9
Andrés Muñoz,RP,SEA,65,11.7,3.5,0.7,0.291,77.20%,2.83,2.95,1.2
Chris Sale,SP,ATL,187,11.1,2.3,0.9,0.296,75.60%,3.07,2.96,4.5
Emmanuel Clase,RP,CLE,70,9.3,2.2,0.7,0.308,74.40%,3.08,2.97,1.4
Spencer Strider,SP,ATL,101,11.9,2.9,1,0.292,75.90%,3.19,3.06,2.5
Tyler Glasnow,SP,LAD,153,11.2,2.6,1,0.296,75.20%,3.23,3.07,3.9
Matt Brash,RP,SEA,28,11.5,3.6,0.8,0.288,77.40%,2.91,3.09,0.1
Ryan Walker,RP,SFG,72,10.7,2.9,0.8,0.296,75.30%,3.09,3.09,1.1
Total,RP,ATL,521,9.4,3.3,1,0.298,73.80%,3.79,3.83,3.7
Total,RP,HOU,519,9.4,3.5,1.1,0.293,73.40%,3.96,4.02,3.7
Griffin Jax,RP,MIN,71,10.6,2.6,0.9,0.3,74.90%,3.21,3.1,1.3
Aroldis Chapman,RP,FA,66,13,4.8,0.8,0.29,78.60%,2.93,3.14,0.9
Ryan Helsley,RP,STL,67,11.4,3.4,0.9,0.287,76.90%,3.08,3.15,1.5
Aaron Bummer,RP,ATL,62,10.1,3.5,0.6,0.31,75.50%,3.07,3.15,0.9
Josh Hader,RP,HOU,70,12.7,3.6,1,0.281,77.80%,3.12,3.16,1.5
Cade Smith,RP,CLE,72,11.1,3.2,0.9,0.294,75.60%,3.18,3.18,1.2
Devin Williams,RP,MIL,66,11.9,4.1,0.8,0.29,76.80%,3.1,3.2,1.2
Camilo Doval,RP,SFG,64,10.8,3.9,0.7,0.301,75.00%,3.2,3.21,0.7
Justin Martinez,RP,ARI,70,11.2,4.6,0.6,0.308,76.00%,3.12,3.22,1.1
Total,RP,NYM,531,9.1,3.6,1.1,0.289,73.90%,3.84,4.02,3.4
Chris Martin,RP,FA,54,9.2,1.8,0.9,0.3,74.10%,3.29,3.22,0.7
Total,RP,KCR,516,8.3,3.3,1,0.302,72.20%,4.06,4.04,3.3
Brock Stewart,RP,MIN,61,11.4,3.5,0.9,0.294,75.90%,3.27,3.24,0.6
Tanner Scott,RP,FA,72,11.1,4,0.8,0.297,76.80%,3.07,3.26,1
Drew Rasmussen,SP,TBR,43,9.2,2.2,0.9,0.299,73.90%,3.34,3.27,0.9
Total,RP,BOS,538,8.7,3.5,1.1,0.302,72.30%,4.11,4.09,3.2
Drew Rasmussen,RP,TBR,48,9.2,2.2,0.9,0.299,73.90%,3.34,3.27,0.1
Clay Holmes,RP,FA,66,9.2,3.3,0.6,0.309,74.40%,3.21,3.28,0.8
Total,RP,ARI,528,8.6,3.4,1,0.303,72.60%,3.96,3.94,3.1
Jeff Hoffman,RP,FA,68,11,3.1,1,0.289,75.70%,3.27,3.29,1
Orion Kerkering,RP,PHI,67,10.3,3,0.9,0.294,75.30%,3.19,3.29,1.3
Logan Webb,SP,SFG,204,7.8,2,0.8,0.311,72.00%,3.48,3.29,3.6
Total,RP,CLE,546,9,3.4,1.1,0.295,73.20%,3.97,4.03,3
David Robertson,RP,FA,65,11.1,3.5,0.9,0.294,75.70%,3.28,3.3,0.8
Bryan Abreu,RP,HOU,75,11.4,3.6,0.9,0.293,75.40%,3.32,3.32,1
Joe Kelly,RP,FA,44,10.7,4,0.7,0.302,75.60%,3.23,3.34,0.5
Blake Snell,SP,FA,176,11.6,3.9,1,0.291,75.90%,3.36,3.35,3.7
Shane McClanahan,SP,TBR,178,10,2.6,1,0.294,75.30%,3.32,3.35,3.6
Sonny Gray,SP,STL,185,9.6,2.5,1,0.298,73.80%,3.43,3.36,3.7
A.J. Puk,RP,ARI,68,10.5,3.1,0.9,0.297,74.80%,3.38,3.37,1
Lucas Erceg,RP,KCR,67,10.3,3.5,0.8,0.303,74.20%,3.42,3.37,1.1
Kevin Ginkel,RP,ARI,66,9.7,2.9,0.9,0.304,73.50%,3.52,3.37,0.7
Matt Strahm,RP,PHI,68,10.7,2.6,1.1,0.283,76.30%,3.26,3.38,1.4
Raisel Iglesias,RP,ATL,70,10,2.5,1,0.296,74.70%,3.45,3.39,0.9
Zack Wheeler,SP,PHI,201,9.6,2.3,1,0.288,74.80%,3.31,3.4,4.7
Jeremiah Estrada,RP,SDP,64,11.9,4,1,0.285,76.80%,3.32,3.42,0.8
Total,RP,STL,526,8.1,3.3,1,0.298,73.20%,3.87,4.02,2.8
Ryan Pressly,RP,HOU,64,9.5,2.7,0.9,0.303,73.80%,3.5,3.42,0.8
Trevor Megill,RP,MIL,65,11,3.2,1.1,0.29,75.00%,3.48,3.43,1
Pete Fairbanks,RP,TBR,60,10.4,3.4,0.9,0.291,74.80%,3.39,3.43,0.9
Framber Valdez,SP,HOU,195,8.7,2.9,0.8,0.311,73.30%,3.43,3.43,3.7
Erik Miller,RP,SFG,67,11.2,4.4,0.8,0.291,76.70%,3.23,3.44,0.4
Total,RP,ATH,539,8.6,4,1,0.289,73.50%,3.91,4.17,2.7
Hunter Harvey,RP,KCR,62,9.7,2.9,0.9,0.302,72.70%,3.62,3.44,0.8
Total,RP,SDP,533,8.8,3.6,1.1,0.292,73.50%,3.98,4.17,2.6
Yennier Cano,RP,BAL,66,9,3.1,0.8,0.304,74.40%,3.34,3.44,0.7
Logan Gilbert,SP,SEA,201,9.4,1.9,1.1,0.288,74.50%,3.42,3.45,3.6
Yoshinobu Yamamoto,SP,LAD,181,9.7,2.4,1.1,0.298,74.10%,3.52,3.46,3.7
Max Fried,SP,FA,170,8.5,2.6,0.8,0.305,74.20%,3.38,3.46,3.2
Evan Phillips,RP,LAD,64,10.2,2.8,1,0.294,75.00%,3.46,3.47,0.9
Total,RP,NYY,537,9,3.2,1.2,0.291,73.90%,3.92,4.09,2.5
Total,RP,SFG,534,8.7,3.2,1,0.298,72.90%,3.82,3.87,2.5
Keegan Akin,RP,BAL,72,10,2.6,1.1,0.287,76.80%,3.28,3.47,0.8
Total,RP,DET,532,8.2,2.9,1,0.295,72.80%,3.83,3.91,2.4
Total,RP,TBR,539,9,3.2,1.1,0.291,73.60%,3.84,3.95,2.4
Ben Joyce,RP,LAA,64,11.3,4.2,0.9,0.296,75.70%,3.36,3.49,1
Gregory Santos,RP,SEA,63,9.4,3.3,0.8,0.295,74.70%,3.34,3.5,0.7
Fernando Cruz,RP,CIN,70,12,3.8,1.1,0.293,75.80%,3.57,3.51,1.1
Cole Ragans,SP,KCR,195,10.2,3.4,1,0.297,74.70%,3.51,3.51,3.9
Liam Hendriks,RP,BOS,64,10.1,2.6,1.1,0.296,73.50%,3.68,3.51,1
Pablo López,SP,MIN,196,9.5,2.2,1.1,0.299,73.30%,3.62,3.51,3.7
Corbin Burnes,SP,FA,200,9.3,2.5,1,0.298,73.00%,3.62,3.51,4
George Kirby,SP,SEA,180,8.5,1.4,1.2,0.288,73.20%,3.51,3.51,3.3
Dylan Cease,SP,SDP,191,10.7,3.3,1.1,0.288,75.20%,3.49,3.52,3.7
José Alvarado,RP,PHI,64,10.5,4,0.9,0.294,76.20%,3.28,3.52,0.9
Gregory Soto,RP,BAL,59,10.2,3.8,0.8,0.297,75.60%,3.31,3.52,0.3
Blake Treinen,RP,FA,65,9.5,2.9,1,0.299,73.70%,3.56,3.52,0.7
Pierce Johnson,RP,ATL,65,10.8,3.7,1,0.298,75.50%,3.53,3.53,0.7
Shohei Ohtani,SP,LAD,165,10.5,2.9,1.1,0.292,75.00%,3.49,3.53,3.4
Will Vest,RP,DET,70,8.8,2.9,0.9,0.298,73.90%,3.47,3.53,0.5
Total,RP,SEA,511,8.7,3.3,1,0.29,74.00%,3.74,3.98,2.2
Total,RP,LAD,526,8.9,3.3,1.2,0.292,73.30%,4.09,4.22,2.2
Luke Little,RP,CHC,59,11.2,4.8,0.7,0.296,76.70%,3.19,3.54,0.3
Kris Bubic,RP,KCR,66,9.2,2.8,1,0.304,74.10%,3.56,3.55,0.8
Yimi García,RP,FA,60,10,2.8,1.1,0.29,74.40%,3.53,3.56,0.7
A.J. Minter,RP,FA,43,10,3.1,1,0.289,75.30%,3.45,3.56,0.5
Jason Adam,RP,SDP,70,10.5,3.2,1,0.286,74.00%,3.52,3.58,0.9
Robert Garcia,RP,WSH,63,9.8,3.3,0.9,0.29,75.70%,3.37,3.58,0.7
Andrew Nardi,RP,MIA,60,11,3.6,1,0.292,75.70%,3.51,3.59,0.4
Tim Herrin,RP,CLE,66,9.8,3.6,0.9,0.3,75.00%,3.46,3.59,0.4
Louie Varland,SP,MIN,9,9,2.3,1,0.302,73.70%,3.62,3.59,0.2
Louie Varland,RP,MIN,48,9,2.3,1,0.302,73.70%,3.62,3.59,0.1
Sean Hjelle,RP,SFG,56,7.7,2.3,0.8,0.308,72.10%,3.64,3.59,0.2
Total,RP,MIA,528,8.5,3.4,1.1,0.299,72.40%,4.14,4.17,2
Joe Jiménez,RP,ATL,28,10.4,3.1,1.1,0.294,73.90%,3.69,3.6,0.1
Dylan Lee,RP,ATL,63,10.1,2.9,1.1,0.291,75.80%,3.52,3.6,0.4
Dedniel Núñez,RP,NYM,63,10,3.3,1,0.285,75.50%,3.44,3.61,0.6
Cristopher Sánchez,SP,PHI,179,7.9,2.5,0.9,0.302,73.70%,3.47,3.61,3.4
Mark Leiter Jr.,RP,NYY,61,10.4,3.1,1.1,0.29,74.90%,3.54,3.62,0.6
Cole Sands,RP,MIN,70,9.7,2.8,1.1,0.295,73.30%,3.7,3.62,0.7
Huascar Ynoa,RP,ATL,54,9.4,2.9,1,0.303,73.60%,3.68,3.62,0.1
Justin Steele,SP,CHC,170,8.8,2.5,1,0.3,73.70%,3.58,3.62,2.8
Brant Hurter,SP,DET,9,7.6,2.1,0.9,0.299,73.00%,3.51,3.62,0.2
Brant Hurter,RP,DET,52,7.6,2.1,0.9,0.299,73.00%,3.51,3.62,0.1
Garrett Whitlock,SP,BOS,9,8.9,2.3,1.1,0.302,72.60%,3.78,3.63,0.2
Garrett Whitlock,RP,BOS,24,8.9,2.3,1.1,0.302,72.60%,3.78,3.63,0.1
Total,RP,LAA,533,8.9,3.7,1.2,0.295,73.10%,4.21,4.34,1.8
Shane Bieber,SP,FA,95,8.7,2.3,1.1,0.301,73.00%,3.71,3.63,1.6
Total,RP,CIN,532,8.9,3.8,1.3,0.299,72.50%,4.48,4.53,1.8
Total,RP,PIT,525,8.3,3.6,1.1,0.298,71.90%,4.25,4.27,1.8
Taylor Rogers,RP,SFG,62,9.8,3.3,1,0.296,74.30%,3.6,3.64,0.3
Caleb Ferguson,RP,FA,54,9.8,3.7,0.9,0.298,74.80%,3.48,3.65,0.4
Ryan Burr,RP,TOR,62,9.8,3.1,1,0.293,74.40%,3.63,3.65,0.4
Hunter Brown,SP,HOU,177,9.4,3.1,1,0.302,73.00%,3.72,3.65,3.2
Drey Jameson,RP,ARI,44,8.6,2.8,0.9,0.306,72.50%,3.73,3.65,0.1
Kirby Yates,RP,FA,61,11,4.2,1,0.291,75.10%,3.58,3.66,0.5
Garrett Cleavinger,RP,TBR,64,10.9,4,1,0.291,75.20%,3.55,3.66,0.5
Reed Garrett,RP,NYM,68,10.1,3.8,1,0.288,75.70%,3.45,3.67,0.8
Joe Ryan,SP,MIN,169,10,2.1,1.3,0.287,73.70%,3.75,3.67,3.4
Ian Hamilton,RP,NYY,64,9.7,3.4,1,0.292,75.10%,3.48,3.67,0.7
Anthony Bender,RP,MIA,64,9.2,3.2,0.9,0.305,73.40%,3.69,3.67,0.5
Brusdar Graterol,RP,LAD,26,8.2,2.7,0.9,0.303,73.40%,3.57,3.67,0.1
Sandy Alcantara,SP,MIA,199,8.1,2.3,1,0.306,71.60%,3.84,3.67,3.5
Abner Uribe,RP,MIL,53,10.7,4.8,0.8,0.298,75.50%,3.48,3.68,0.2
Jack Flaherty,SP,FA,164,9.9,2.8,1.1,0.296,74.00%,3.71,3.68,2.8
Alex Cobb,SP,FA,145,7.7,2.5,0.9,0.309,72.20%,3.73,3.68,2.4
Nick Mears,RP,MIL,54,10.9,4,1,0.291,75.30%,3.63,3.69,0.1
Yusei Kikuchi,SP,FA,168,9.8,2.8,1.2,0.295,74.50%,3.66,3.69,2.9
Braxton Garrett,SP,MIA,116,8.1,2.2,1,0.307,71.90%,3.79,3.69,2
Braxton Garrett,RP,MIA,26,8.1,2.2,1,0.307,71.90%,3.79,3.69,0.1
Seranthony Domínguez,RP,BAL,62,10,3.3,1.1,0.292,74.00%,3.68,3.7,0.7
Seranthony Domínguez,RP,FA,60,10,3.3,1.1,0.292,74.00%,3.68,3.7,0.6
Grayson Rodriguez,SP,BAL,172,9.5,2.9,1.1,0.293,74.50%,3.61,3.7,2.8
Total,RP,TOR,505,8.4,3.3,1.1,0.294,72.90%,4.01,4.13,1.5
Gabe Speier,RP,SEA,48,9.3,3.1,1,0.289,75.20%,3.46,3.7,0.1
Bryan Hudson,RP,MIL,60,9.8,3.3,1,0.293,75.50%,3.52,3.71,0.4
Michael Grove,RP,LAD,54,9.6,2.6,1.2,0.295,74.30%,3.66,3.71,0.1
Zac Gallen,SP,ARI,183,9,2.8,1,0.305,72.00%,3.93,3.71,2.8
Kody Funderburk,RP,MIN,46,9,3.5,0.8,0.302,74.10%,3.57,3.71,0.1
JoJo Romero,RP,STL,62,8.8,3.1,0.9,0.299,75.00%,3.48,3.71,0.3
Nathan Eovaldi,SP,FA,168,8.6,2.4,1.1,0.299,72.90%,3.73,3.71,2.7
Jonathan Loáisiga,RP,FA,36,7.8,2.8,0.9,0.303,73.10%,3.63,3.71,0.4
Jason Foley,RP,DET,64,7.7,2.8,0.8,0.303,72.30%,3.72,3.71,0.4
Will Warren,SP,NYY,9,8.9,2.6,1,0.295,73.70%,3.64,3.72,0.1
Will Warren,RP,NYY,28,8.9,2.6,1,0.295,73.70%,3.64,3.72,0
Spencer Schwellenbach,SP,ATL,172,8.7,2.2,1.1,0.299,72.60%,3.79,3.72,2.7
Angel Perdomo,RP,ATL,53,11.1,4.1,1,0.291,75.90%,3.56,3.73,0.1
Robert Suarez,RP,SDP,65,9.6,3.1,1.1,0.291,74.80%,3.6,3.73,0.8
Dustin May,SP,LAD,82,9.5,3.1,1.1,0.299,73.40%,3.73,3.73,1.5
Dustin May,RP,LAD,40,9.5,3.1,1.1,0.299,73.40%,3.73,3.73,0.1
Tyler Holton,RP,DET,75,8.1,2.5,1,0.293,73.60%,3.6,3.73,0.5
Kevin Kelly,RP,TBR,54,8,2.4,0.9,0.301,72.10%,3.71,3.73,0.1
Michel Otañez,RP,ATH,64,10.7,4.7,0.8,0.288,75.40%,3.47,3.74,0.5
Alex Lange,RP,DET,50,10.1,4.4,0.8,0.297,74.00%,3.65,3.74,0.1
Ben Brown,SP,CHC,81,10,3.4,1.1,0.291,74.20%,3.7,3.74,1.4
Ben Brown,RP,CHC,30,10,3.4,1.1,0.291,74.20%,3.7,3.74,0.1
Jordan Romano,RP,TOR,64,9.8,3.3,1.1,0.29,73.80%,3.72,3.75,0.5
Shota Imanaga,SP,CHC,190,9.1,1.9,1.3,0.289,74.90%,3.66,3.75,3.2
Jared Koenig,RP,MIL,63,9.1,3,1,0.295,74.60%,3.59,3.75,0.5
Danny Coulombe,RP,FA,53,9.1,2.9,1.1,0.295,74.40%,3.67,3.75,0.3
Brandon Woodruff,SP,MIL,176,9.6,2.4,1.2,0.29,73.70%,3.76,3.76,2.9
Total,RP,CHC,532,9,3.6,1.1,0.293,73.40%,3.98,4.11,1.3
Luis Castillo,SP,SEA,184,9.1,2.5,1.2,0.287,74.30%,3.63,3.76,2.8
Adrian Morejon,RP,SDP,58,9.5,3.3,1,0.293,74.90%,3.6,3.77,0.3
Adrian Morejon,SP,SDP,9,9.5,3.3,1,0.293,74.90%,3.6,3.77,0.1
Kevin Gausman,SP,TOR,196,9,2.5,1.2,0.293,72.90%,3.86,3.77,3
Grant Holmes,RP,ATL,60,8.9,2.7,1.1,0.301,72.90%,3.85,3.77,0.2
Grant Holmes,SP,ATL,9,8.9,2.7,1.1,0.301,72.90%,3.85,3.77,0.1
Luis García,RP,FA,58,8.2,2.8,0.9,0.304,72.10%,3.79,3.77,0.4
Angel Zerpa,RP,KCR,60,8,3,0.9,0.307,73.30%,3.69,3.77,0.2
Yuki Matsui,RP,SDP,55,10.4,3.8,1.1,0.288,76.30%,3.56,3.78,0.1
Julian Merryweather,RP,CHC,61,9.9,3.6,1,0.294,74.30%,3.71,3.78,0.2
Justin Slaten,RP,BOS,66,9.3,3.3,1,0.302,73.00%,3.86,3.78,0.8
Brenan Hanifee,RP,DET,58,7.2,2.4,0.9,0.301,72.30%,3.73,3.78,0.2
Michael McGreevy,SP,STL,19,6.8,1.9,1,0.301,72.30%,3.72,3.78,0.3
Michael McGreevy,RP,STL,38,6.8,1.9,1,0.301,72.30%,3.72,3.78,0
Total,RP,WSH,546,7.7,3.5,1.1,0.293,72.40%,4.2,4.4,1.2
Craig Yoho,RP,MIL,47,9.9,3.7,1,0.295,74.30%,3.7,3.79,0.1
Gerrit Cole,SP,NYY,189,9.7,2.4,1.3,0.287,74.10%,3.78,3.79,3.4
Reynaldo López,SP,ATL,179,9.5,3.1,1.1,0.297,72.90%,3.9,3.79,2.7
Manuel Rodríguez,RP,TBR,62,8.8,3.4,0.9,0.301,73.20%,3.71,3.79,0.2
Daysbel Hernández,RP,ATL,58,10.5,4.2,1,0.297,74.40%,3.75,3.8,0.3
David Bednar,RP,PIT,67,9.7,3.4,1.1,0.292,73.30%,3.83,3.8,0.9
Jacob Waguespack,RP,TBR,28,9.5,3.5,1,0.294,74.00%,3.73,3.8,0
Carson Ragsdale,RP,SFG,22,9.3,3.2,1.1,0.292,73.40%,3.78,3.8,0
Kumar Rocker,SP,TEX,126,9.1,2.8,1.1,0.296,73.10%,3.8,3.8,2
Kumar Rocker,RP,TEX,10,9.1,2.8,1.1,0.296,73.10%,3.8,3.8,0
Joe Mantiply,RP,ARI,61,7.7,2.8,0.9,0.307,72.70%,3.8,3.8,0.2
Kodai Senga,SP,NYM,179,9.8,3.5,1.1,0.289,74.30%,3.7,3.81,3.1
David Festa,SP,MIN,79,9.4,3.2,1.1,0.298,72.70%,3.89,3.81,1.3
David Festa,RP,MIN,28,9.4,3.2,1.1,0.298,72.70%,3.89,3.81,0.1
Tommy Kahnle,RP,FA,57,9.3,3.7,0.9,0.299,73.90%,3.73,3.81,0.3
Jesus Tinoco,RP,MIA,67,9.2,3.4,1,0.3,73.20%,3.83,3.81,0.6
Jeffrey Springs,SP,TBR,133,9.1,2.5,1.2,0.29,74.20%,3.73,3.81,1.9
Jeffrey Springs,RP,TBR,22,9.1,2.5,1.2,0.29,74.20%,3.73,3.81,0
Aaron Nola,SP,PHI,198,8.8,2.1,1.2,0.294,73.30%,3.83,3.81,3.4
Matthew Liberatore,RP,STL,68,8.8,3,1,0.294,74.40%,3.62,3.81,0.5
Tanner Houck,SP,BOS,181,7.9,2.8,0.9,0.312,70.80%,3.99,3.81,2.9
Freddy Peralta,SP,MIL,178,10.4,3.2,1.2,0.285,74.30%,3.76,3.82,3.1
Kenley Jansen,RP,FA,60,10.3,3.4,1.2,0.282,73.70%,3.83,3.82,0.5
Michael King,SP,SDP,180,9.6,3.3,1.1,0.291,74.30%,3.69,3.82,3
Clayton Kershaw,SP,FA,125,8.3,2.5,1.1,0.296,73.60%,3.73,3.82,2.1
Ranger Suárez,SP,PHI,164,8,2.8,1,0.298,73.70%,3.65,3.82,2.8
Bryce Montes de Oca,RP,NYM,17,10.9,4.6,1,0.289,75.30%,3.63,3.83,0
Craig Kimbrel,RP,FA,56,10.7,4,1.1,0.288,74.00%,3.8,3.83,0.4
Colin Selby,RP,BAL,48,9.4,4,0.9,0.298,74.50%,3.64,3.83,0
Justin Wilson,RP,BOS,58,9.3,3.1,1.1,0.297,73.80%,3.81,3.83,0.4
Reese Olson,SP,DET,156,8.3,2.9,1,0.298,72.30%,3.86,3.83,2.2
Sean Guenther,RP,DET,63,7.4,2.7,0.9,0.299,73.10%,3.66,3.83,0.2
Eury Pérez,SP,MIA,81,10,3,1.2,0.29,73.10%,3.95,3.84,1.3
Luke Weaver,RP,NYY,70,9.7,2.5,1.3,0.286,75.50%,3.7,3.84,0.6
Danny Young,RP,NYM,61,9.5,3.9,0.9,0.295,74.70%,3.54,3.84,0.2
Tanner Banks,RP,PHI,71,9,3,1.1,0.293,74.40%,3.66,3.84,0.4
Daniel Palencia,RP,CHC,44,10.2,4.1,1,0.292,74.60%,3.69,3.85,0
Andrew Kittredge,RP,FA,70,8.4,2.6,1.1,0.299,72.80%,3.85,3.85,0.4
James McArthur,RP,KCR,48,8.1,2.8,1,0.307,72.00%,3.92,3.85,0.1
Allan Winans,RP,ATL,35,7.6,2,1.1,0.3,72.40%,3.8,3.85,0
Ryan Thompson,RP,ARI,65,7.3,2.9,0.9,0.31,71.10%,3.98,3.85,0.3
Nick Pivetta,SP,FA,162,10.2,2.8,1.3,0.291,73.70%,3.94,3.86,2.5
Caleb Thielbar,RP,FA,52,9.8,3.3,1.2,0.286,74.90%,3.73,3.86,0.4
Brennan Bernardino,RP,BOS,62,9,3.5,0.9,0.305,73.60%,3.77,3.86,0.4
Zach Eflin,SP,BAL,186,7.6,1.6,1.2,0.295,72.70%,3.82,3.86,2.9
Carlos Rodón,SP,NYY,176,10.3,2.8,1.3,0.283,74.00%,3.86,3.87,2.8
MacKenzie Gore,SP,WSH,174,9.7,3.4,1.1,0.29,74.00%,3.78,3.87,2.7
Josh Sborz,RP,TEX,66,9.7,3.6,1.1,0.292,74.00%,3.82,3.87,0.5
Trevor Stephan,RP,CLE,28,9.4,3.1,1.1,0.295,72.60%,3.93,3.87,0
Tanner Bibee,SP,CLE,183,9.3,2.5,1.3,0.289,73.80%,3.83,3.87,2.8
Hoby Milner,RP,MIL,58,8.3,2.6,1.1,0.298,74.10%,3.71,3.87,0.2
Total,RP,TEX,536,8.5,3.5,1.2,0.291,72.80%,4.21,4.35,0.9
Zebby Matthews,SP,MIN,53,8.2,1.9,1.2,0.297,72.00%,3.96,3.87,0.8
Zebby Matthews,RP,MIN,33,8.2,1.9,1.2,0.297,72.00%,3.96,3.87,0.1
Forrest Whitley,RP,HOU,54,9.5,3.8,1,0.297,73.70%,3.79,3.88,0.1
Colin Holderman,RP,PIT,64,9.2,3.7,0.9,0.3,72.80%,3.87,3.88,0.6
Drew Rom,RP,STL,17,8.6,3.2,1,0.296,74.10%,3.69,3.88,0
Brendon Little,RP,TOR,59,7.8,3.9,0.7,0.305,74.10%,3.57,3.88,0.2
Taj Bradley,SP,TBR,167,9.6,3,1.2,0.289,73.90%,3.85,3.89,2.3
Trey Wingenter,RP,CHC,55,9.4,3.6,1,0.297,73.50%,3.83,3.89,0
Calvin Faucher,RP,MIA,66,9.2,3.7,1,0.303,72.70%,3.95,3.89,0.4
Ryan Brasier,RP,LAD,62,9,2.6,1.2,0.295,73.30%,3.88,3.89,0.3
Ben Shields,RP,NYY,22,9,3,1.1,0.292,74.70%,3.65,3.89,0
Brandon Pfaadt,SP,ARI,169,8.7,2.2,1.2,0.299,71.90%,4.04,3.89,2.3
Slade Cecconi,SP,ARI,9,8.3,2,1.2,0.297,72.10%,3.98,3.89,0.1
Slade Cecconi,RP,ARI,48,8.3,2,1.2,0.297,72.10%,3.98,3.89,0.1
Brayan Bello,SP,BOS,174,8.2,3.1,0.9,0.312,71.30%,4.05,3.89,2.7
John King,RP,STL,60,6.3,2.7,0.8,0.31,72.40%,3.76,3.89,0.2
Reid Detmers,SP,LAA,97,10,3.1,1.2,0.292,73.90%,3.87,3.9,1.6
Reid Detmers,RP,LAA,22,10,3.1,1.2,0.292,73.90%,3.87,3.9,0
Joel Payamps,RP,MIL,62,8.9,2.8,1.1,0.292,73.70%,3.79,3.9,0.3
Eduard Bazardo,RP,SEA,37,8.8,3,1.1,0.287,74.20%,3.68,3.9,0
Brendan White,RP,DET,24,8.3,3.3,0.9,0.299,72.40%,3.84,3.9,0
Noah Cameron,SP,KCR,9,8.1,2.6,1.1,0.297,72.90%,3.84,3.9,0.1
Noah Cameron,RP,KCR,22,8.1,2.6,1.1,0.297,72.90%,3.84,3.9,0
Scott Alexander,RP,FA,46,7.3,3,0.8,0.307,72.90%,3.76,3.9,0.2
Robert Stephenson,RP,LAA,44,10.3,3.1,1.3,0.29,74.40%,3.91,3.91,0.1
Andrew Chafin,RP,FA,54,9.8,4,1,0.296,74.70%,3.8,3.91,0.2
Jared Jones,SP,PIT,159,9.3,3.1,1.1,0.294,73.00%,3.92,3.91,2.5
Luke Jackson,RP,FA,42,9.3,3.9,1,0.3,73.40%,3.87,3.91,0.2
Jared Jones,RP,PIT,10,9.3,3.1,1.1,0.294,73.00%,3.92,3.91,0
Zack Thompson,RP,STL,55,9.2,3.7,1,0.293,74.90%,3.65,3.91,0.1
Nate Pearson,RP,CHC,68,9.9,3.5,1.1,0.289,73.90%,3.86,3.92,0.5
Kyle Finnegan,RP,WSH,65,8.8,3.3,1,0.296,73.30%,3.85,3.92,0.4
Brandon Eisert,RP,TOR,36,8.4,3.1,1,0.295,74.00%,3.74,3.92,0.1
Sawyer Gipson-Long,SP,DET,55,8,2.4,1.1,0.294,71.90%,3.93,3.92,0.7
Justin Topa,RP,MIN,56,8,3.2,0.9,0.307,72.20%,3.94,3.92,0.1
Sawyer Gipson-Long,RP,DET,26,8,2.4,1.1,0.294,71.90%,3.93,3.92,0
Sean Reid-Foley,RP,NYM,59,9.9,4.4,1,0.29,74.60%,3.75,3.93,0.2
Richard Lovelady,RP,TBR,55,8.4,3.1,1,0.298,73.20%,3.81,3.93,0
Brady Basso,SP,ATH,73,7.9,2.6,1.1,0.288,73.70%,3.7,3.93,1.1
Brady Basso,RP,ATH,36,7.9,2.6,1.1,0.288,73.70%,3.7,3.93,0.1
Joe Boyle,SP,ATH,18,10.7,5.3,0.8,0.287,75.00%,3.66,3.94,0.3
Joe Boyle,RP,ATH,40,10.7,5.3,0.8,0.287,75.00%,3.66,3.94,0.1
Shane Smith,RP,MIL,15,9,3.1,1.1,0.294,73.40%,3.84,3.94,0
Jalen Beeks,RP,FA,52,8.6,3.3,1,0.296,73.90%,3.79,3.94,0.3
Brady Singer,SP,KCR,177,7.9,2.7,1,0.31,71.10%,4.12,3.94,2.5
Randy Dobnak,RP,MIN,17,7.5,3,0.9,0.308,71.90%,3.96,3.94,0
Edward Cabrera,SP,MIA,111,9.9,4.2,1,0.301,72.80%,3.99,3.95,1.6
Edward Cabrera,RP,MIA,28,9.9,4.2,1,0.301,72.80%,3.99,3.95,0
Robbie Ray,SP,SFG,161,9.7,2.9,1.3,0.289,73.20%,3.98,3.95,1.9
Ryan Borucki,RP,FA,48,8.8,3.3,1,0.297,73.50%,3.8,3.95,0.2
Ryan Fernandez,RP,STL,66,8.8,3.6,1,0.297,73.40%,3.85,3.95,0.2
Bryan Woo,SP,SEA,144,8.5,2.1,1.3,0.286,72.80%,3.86,3.95,1.8
Jack Perkins,RP,ATH,10,8.5,3.6,0.9,0.291,73.60%,3.71,3.95,0
Seth Lugo,SP,KCR,197,7.9,2.5,1.1,0.305,71.20%,4.12,3.95,2.9
Josh Winckowski,SP,BOS,9,7.7,2.8,1,0.309,71.80%,4.01,3.95,0.1
Josh Winckowski,RP,BOS,53,7.7,2.8,1,0.309,71.80%,4.01,3.95,0.1
Alex Vesia,RP,LAD,60,11.2,3.9,1.3,0.278,76.50%,3.74,3.96,0.4
José Leclerc,RP,FA,64,10.2,3.9,1.1,0.283,74.20%,3.84,3.96,0.4
Clayton Beeter,SP,NYY,9,10.2,3.7,1.2,0.284,74.90%,3.79,3.96,0.2
Clayton Beeter,RP,NYY,46,10.2,3.7,1.2,0.284,74.90%,3.79,3.96,0.1
Mason Montgomery,RP,TBR,59,9.1,3.2,1.1,0.286,74.50%,3.74,3.96,0.1
Brent Headrick,RP,MIN,35,9,2.8,1.2,0.291,73.70%,3.88,3.96,0
Lance McCullers Jr.,SP,HOU,65,8.7,3.4,1,0.304,72.50%,3.95,3.96,0.9
Lance McCullers Jr.,RP,HOU,22,8.7,3.4,1,0.304,72.50%,3.95,3.96,0
Elvis Peguero,RP,MIL,50,8.5,3.7,0.9,0.304,72.90%,3.89,3.96,0
J.B. Bukauskas,RP,MIL,37,7.9,3,1,0.302,72.70%,3.87,3.96,0
John Michael Bertrand,RP,SFG,13,6.4,2.4,0.9,0.305,72.30%,3.86,3.96,0
Porter Hodge,RP,CHC,66,9.8,4.2,1,0.292,74.40%,3.77,3.97,0.3
Scott Barlow,RP,FA,62,9.4,3.8,1,0.297,73.20%,3.93,3.97,0.2
Bryan King,RP,HOU,61,9,3.6,1,0.298,74.00%,3.79,3.97,0.2
Pedro Avila,RP,CLE,54,8.7,3.4,1,0.303,73.00%,3.95,3.97,0
Landen Roupp,SP,SFG,91,8.6,3.6,1,0.298,72.60%,3.94,3.97,1
Landen Roupp,RP,SFG,26,8.6,3.6,1,0.298,72.60%,3.94,3.97,0
Ty Madden,SP,DET,9,8.4,2.9,1.1,0.289,72.60%,3.91,3.97,0.1
Total,RP,COL,541,8.1,3.7,1.3,0.311,70.60%,4.76,4.59,0.5
Ty Madden,RP,DET,44,8.4,2.9,1.1,0.289,72.60%,3.91,3.97,0.1
Tayler Saucedo,RP,SEA,56,8.4,3.7,0.9,0.292,74.50%,3.61,3.97,0
Cameron Weston,RP,BAL,12,8.3,2.9,1.1,0.296,73.00%,3.86,3.97,0
Walter Pennington,RP,TEX,55,8.2,3.6,0.9,0.3,73.80%,3.76,3.97,0.1
Braxton Ashcraft,SP,PIT,9,7.9,2.4,1.1,0.3,71.80%,4.05,3.97,0.1
Braxton Ashcraft,RP,PIT,33,7.9,2.4,1.1,0.3,71.80%,4.05,3.97,0
Ryne Stanek,RP,FA,55,10.1,3.8,1.1,0.287,74.30%,3.88,3.98,0.2
Nick Lodolo,SP,CIN,145,9.8,2.9,1.2,0.303,72.70%,3.98,3.98,2.5
Jorge Alcala,RP,MIN,62,9.7,3.5,1.2,0.292,73.40%,3.98,3.98,0.4
John Brebbia,RP,FA,48,9.5,3,1.3,0.289,73.70%,3.97,3.98,0.3
Max Scherzer,SP,FA,137,9.4,2.3,1.4,0.286,73.20%,3.98,3.98,2.2
Bailey Ober,SP,MIN,181,9.3,2.2,1.4,0.289,73.20%,4.03,3.98,2.6
Jesús Luzardo,SP,MIA,152,9.2,3,1.2,0.296,73.50%,3.98,3.98,2.1
Jacob Lopez,RP,TBR,24,9.2,3.5,1.1,0.287,74.20%,3.74,3.98,0
Riley O'Brien,RP,STL,51,9,4.2,0.9,0.299,73.80%,3.78,3.98,0.1
Lael Lockhart,RP,DET,22,8.5,3.2,1,0.29,73.80%,3.76,3.98,0
David Peterson,SP,NYM,168,8.4,3.4,1,0.297,74.60%,3.66,3.98,2
Chris Paddack,SP,MIN,90,8.3,2.2,1.3,0.3,71.80%,4.12,3.98,1.3
Chris Paddack,RP,MIN,40,8.3,2.2,1.3,0.3,71.80%,4.12,3.98,0
Steven Matz,SP,STL,88,8,2.5,1.1,0.296,72.50%,3.93,3.98,1.2
Steven Matz,RP,STL,28,8,2.5,1.1,0.296,72.50%,3.93,3.98,0
Jake Cousins,RP,NYY,62,10.3,4.3,1,0.29,74.70%,3.78,3.99,0.4
Nestor Cortes,SP,NYY,73,9.2,2.2,1.4,0.279,74.90%,3.84,3.99,1.2
Nestor Cortes,RP,NYY,38,9.2,2.2,1.4,0.279,74.90%,3.84,3.99,0.1
José Soriano,SP,LAA,161,8.8,3.8,0.9,0.308,72.80%,3.92,3.99,2.3
Shawn Armstrong,RP,FA,51,8.7,2.9,1.1,0.293,72.60%,3.96,3.99,0.3
Eduardo Rodriguez,SP,ARI,154,8.2,2.9,1.1,0.303,72.20%,4.07,3.99,2
Quinn Priester,SP,BOS,36,7.5,2.9,1,0.311,71.00%,4.1,3.99,0.5
Quinn Priester,RP,BOS,30,7.5,2.9,1,0.311,71.00%,4.1,3.99,0
Cionel Pérez,RP,BAL,56,8.3,4,0.8,0.3,74.10%,3.71,4,0
Jose A. Ferrer,RP,WSH,59,7.7,3.3,0.9,0.299,73.60%,3.74,4,0.2
Yilber Diaz,SP,ARI,9,9.3,3.7,1.1,0.299,72.60%,4.07,4.01,0.1
Yilber Diaz,RP,ARI,35,9.3,3.7,1.1,0.299,72.60%,4.07,4.01,0
Shawn Dubin,RP,HOU,52,9.2,3.9,1,0.299,73.20%,3.94,4.01,0.1
Bryce Elder,SP,ATL,27,7.6,2.8,1,0.308,71.40%,4.12,4.01,0.3
Bryce Elder,RP,ATL,15,7.6,2.8,1,0.308,71.40%,4.12,4.01,0
Edwin Uceta,RP,TBR,66,9.6,3.5,1.2,0.282,74.10%,3.85,4.02,0.4
Beau Brieske,RP,DET,67,8.7,3.3,1.1,0.289,73.40%,3.91,4.02,0.2
Bryce Miller,SP,SEA,175,8.6,2.4,1.3,0.285,73.50%,3.89,4.02,1.9
John Schreiber,RP,KCR,63,8.3,3.5,1,0.303,72.20%,4.01,4.02,0.3
Andrew Saalfrank,RP,ARI,28,8.1,4.4,0.7,0.311,73.50%,3.86,4.02,0
Declan Cronin,RP,MIA,70,7.6,3.5,0.9,0.31,71.70%,4.04,4.02,0.2
Tyler Rogers,RP,SFG,70,6.5,2.1,1,0.304,70.50%,4.07,4.02,0.1
Michael Kopech,RP,LAD,66,10.7,4,1.2,0.289,73.70%,4.02,4.03,0.3
Kyle Amendt,RP,ARI,24,9.6,4.3,1,0.3,73.20%,4.03,4.03,0
Zack Kelly,RP,BOS,44,9.4,4.1,1,0.303,72.90%,4.03,4.03,0.1
Tyler Ferguson,RP,ATH,65,9.1,4.1,0.9,0.288,74.20%,3.72,4.03,0.3
Trent Thornton,RP,SEA,68,8.8,2.9,1.2,0.286,74.00%,3.83,4.03,0.1
Brandon Young,SP,BAL,9,8.5,2.6,1.2,0.29,73.10%,3.93,4.03,0.1
Brandon Young,RP,BAL,26,8.5,2.6,1.2,0.29,73.10%,3.93,4.03,0
Tommy Henry,RP,ARI,26,8.3,3,1.1,0.299,73.30%,3.95,4.03,0
Cristian Javier,RP,HOU,17,9.9,3,1.4,0.282,73.70%,4.02,4.04,0
Nic Enright,RP,CLE,35,9.1,2.9,1.3,0.288,73.50%,3.98,4.04,0
Huascar Brazobán,RP,NYM,54,9.1,4,1,0.291,73.70%,3.85,4.04,0
Adam Ottavino,RP,FA,47,9,3.6,1,0.298,70.80%,4.17,4.04,0.2
Michael Tonkin,RP,MIN,67,8.9,3.3,1.1,0.298,71.90%,4.12,4.04,0.1
Joe Rock,SP,TBR,9,7.6,2.5,1.1,0.294,73.00%,3.86,4.04,0.1
Joe Rock,RP,TBR,17,7.6,2.5,1.1,0.294,73.00%,3.86,4.04,0
Ryan Pepiot,SP,TBR,161,9.6,3.3,1.2,0.285,73.30%,3.97,4.05,2.2
Anthony Banda,RP,LAD,63,8.9,3.3,1.1,0.294,74.30%,3.83,4.05,0.4
Troy Taylor,RP,SEA,53,8.9,3.6,1,0.29,73.90%,3.82,4.05,0.1
Hagen Danner,RP,TOR,48,8.9,3.2,1.2,0.292,73.20%,3.99,4.05,0
JT Chargois,RP,SEA,60,8.7,3.3,1.1,0.289,73.60%,3.85,4.05,0.1
Merrill Kelly,SP,ARI,172,8.3,2.9,1.1,0.303,71.80%,4.19,4.05,1.9
Carlos Vargas,RP,SEA,42,7.9,3.6,0.9,0.296,73.60%,3.77,4.05,0
Kyle Wright,SP,KCR,91,7.6,3,1,0.31,70.60%,4.19,4.05,1.2
Kyle Wright,RP,KCR,24,7.6,3,1,0.31,70.60%,4.19,4.05,0
Jordan Montgomery,SP,ARI,81,7.2,2.5,1.1,0.306,71.10%,4.17,4.05,0.9
Jordan Montgomery,RP,ARI,37,7.2,2.5,1.1,0.306,71.10%,4.17,4.05,0
Alex Cornwell,RP,STL,10,6.6,2.8,0.9,0.302,73.00%,3.8,4.05,0
Connor Thomas,RP,STL,12,6.1,2.3,0.9,0.302,72.60%,3.82,4.05,0
Erik Sabrowski,RP,CLE,58,10.1,4.5,1.1,0.292,75.00%,3.86,4.06,0
Zach Penrod,RP,BOS,48,9.5,4.1,1,0.3,73.60%,3.99,4.06,0.1
Bryan Baker,RP,BAL,54,9.3,3.7,1.1,0.288,74.10%,3.91,4.06,0.1
Carlos Estévez,RP,FA,64,9.1,3.1,1.2,0.289,73.40%,4,4.06,0.3
Alex Faedo,RP,DET,46,8.8,3.1,1.2,0.289,73.00%,4.02,4.06,0
Hayden Wesneski,SP,CHC,27,8.6,2.8,1.2,0.295,72.90%,4.02,4.07,0.3
Greg Weissert,RP,BOS,63,8.6,3.4,1.1,0.303,72.10%,4.14,4.07,0.3
Hayden Wesneski,RP,CHC,40,8.6,2.8,1.2,0.295,72.90%,4.02,4.07,0
Nick Robertson,RP,TOR,44,8.5,3.4,1.1,0.293,73.20%,3.94,4.07,0
Kenta Maeda,SP,DET,34,8.4,2.4,1.3,0.29,72.00%,4.1,4.07,0.5
Kenta Maeda,RP,DET,36,8.4,2.4,1.3,0.29,72.00%,4.1,4.07,0
Max Meyer,SP,MIA,99,8.1,3,1.1,0.303,71.70%,4.15,4.07,1.4
Max Meyer,RP,MIA,33,8.1,3,1.1,0.303,71.70%,4.15,4.07,0
Tommy Nance,RP,TOR,58,8,3.2,1,0.3,72.10%,4.03,4.07,0.1
Dylan Covey,RP,NYM,56,7.7,3.4,0.9,0.299,73.00%,3.88,4.07,0.1
T.J. Brock,RP,TOR,21,9.2,3.8,1.1,0.293,73.30%,3.97,4.08,0
Tylor Megill,SP,NYM,149,8.8,3.2,1.2,0.291,73.40%,3.93,4.08,1.8
Tylor Megill,RP,NYM,10,8.8,3.2,1.2,0.291,73.40%,3.93,4.08,0
Tristan Beck,SP,SFG,18,7.8,2.5,1.2,0.294,71.90%,4.07,4.08,0.2
Tristan Beck,RP,SFG,46,7.8,2.5,1.2,0.294,71.90%,4.07,4.08,0
Trevor McDonald,SP,SFG,9,7.1,2.9,0.9,0.303,71.20%,4.04,4.08,0.1
Trevor McDonald,RP,SFG,38,7.1,2.9,0.9,0.303,71.20%,4.04,4.08,0
Kyle Harrison,SP,SFG,145,9.2,3.3,1.2,0.293,72.60%,4.08,4.09,1.3
Eric Orze,RP,NYM,40,9.2,3.8,1.1,0.288,74.00%,3.88,4.09,0
Cristian Mena,SP,ARI,9,8.3,3.4,1,0.303,71.70%,4.16,4.09,0.1
Cristian Mena,RP,ARI,15,8.3,3.4,1,0.303,71.70%,4.16,4.09,0
Jorge López,RP,FA,56,8.1,3.2,1,0.303,72.40%,4.01,4.09,0.2
Evan Sisk,RP,KCR,28,8.1,4,0.9,0.307,72.90%,3.99,4.09,0
Yu-Min Lin,RP,ARI,10,7.9,3.3,1,0.304,72.30%,4.03,4.09,0
Derek Law,RP,WSH,77,7.8,3.1,1,0.297,72.70%,3.97,4.09,0.3
Wilmer Flores,RP,DET,15,7.8,3.2,1,0.296,72.10%,3.99,4.09,0
Keynan Middleton,RP,FA,18,9.2,3.8,1.1,0.294,73.20%,4.03,4.1,0.1
Drew Smyly,RP,FA,55,8.9,2.8,1.3,0.289,74.00%,3.96,4.1,0.3
Joey Wentz,RP,PIT,67,8.9,3.5,1.1,0.295,73.20%,4.05,4.1,0.2
Bennett Sousa,RP,HOU,41,8.7,3.6,1.1,0.297,73.70%,3.94,4.1,0
Mitch Keller,SP,PIT,182,8.1,2.8,1.1,0.302,70.30%,4.27,4.1,2.3
Mason Englert,RP,DET,41,8,2.7,1.1,0.293,72.00%,4.07,4.1,0
Ronny Henriquez,RP,MIN,52,7.8,3.1,1,0.301,72.20%,4.05,4.1,0.1
Tyler Stuart,SP,WSH,9,7.7,2.8,1.1,0.293,72.40%,3.96,4.1,0.1
Tyler Stuart,RP,WSH,33,7.7,2.8,1.1,0.293,72.40%,3.96,4.1,0
Connor Noland,RP,CHC,10,6.9,2.3,1.1,0.299,72.00%,4.03,4.1,0
Andre Pallante,SP,STL,137,6.7,3.6,0.8,0.311,71.50%,4.05,4.1,1.5
Andre Pallante,RP,STL,21,6.7,3.6,0.8,0.311,71.50%,4.05,4.1,0
Dauri Moreta,RP,PIT,37,9.4,3.7,1.1,0.293,72.80%,4.11,4.11,0
Cam Booser,RP,BOS,32,9.2,3.7,1.1,0.299,73.50%,4.08,4.11,0
Josh Simpson,RP,MIA,24,9.2,4.3,1,0.299,73.90%,3.95,4.11,0
Chad Green,RP,TOR,66,8.8,2.7,1.3,0.286,73.40%,4.03,4.11,0.2
Brooks Raley,RP,FA,29,8.8,3.5,1.1,0.294,73.30%,3.96,4.11,0.1
Erik Swanson,RP,TOR,63,8.8,3.1,1.2,0.289,73.20%,4.03,4.11,0.1
Mike Baumann,RP,MIA,56,8.8,3.7,1,0.302,72.40%,4.13,4.11,0.1
Bryan Hoeing,RP,SDP,67,7.5,2.8,1.1,0.301,72.30%,4.04,4.11,0.1
Andrew Misiaszek,RP,CLE,30,9.1,3.8,1.1,0.293,74.10%,3.91,4.12,0
Carlos Hernández,RP,KCR,44,9,3.7,1.1,0.296,72.40%,4.17,4.12,0
Clarke Schmidt,SP,NYY,150,8.8,2.9,1.2,0.29,73.40%,3.94,4.12,2.2
Yu Darvish,SP,SDP,168,8.7,2.5,1.3,0.29,71.70%,4.15,4.12,2.2
Gerson Garabito,RP,TEX,42,8.5,2.9,1.2,0.295,72.40%,4.05,4.12,0
Jimmy Joyce,RP,SEA,17,8,3.3,1,0.294,72.90%,3.86,4.12,0
Joely Rodríguez,RP,FA,35,7.6,3.5,0.9,0.304,72.90%,3.95,4.12,0
Stephen Kolek,RP,SDP,22,7.6,3.1,1,0.3,72.70%,3.92,4.12,0
Casey Mize,SP,DET,154,7.3,2.5,1.1,0.298,71.10%,4.15,4.12,1.7
Hayden Birdsong,SP,SFG,104,9.5,4,1.1,0.294,72.70%,4.12,4.13,0.8
Hayden Birdsong,RP,SFG,15,9.5,4,1.1,0.294,72.70%,4.12,4.13,0
Hayden Harris,RP,ATL,42,9.4,4.1,1.1,0.297,74.20%,3.96,4.13,0
Gavin Williams,SP,CLE,152,9.1,3.4,1.2,0.293,72.60%,4.11,4.13,1.7
José Cisnero,RP,FA,33,9.1,3.9,1.1,0.295,73.30%,4.01,4.13,0.1
Brock Burke,RP,LAA,67,9,3.3,1.2,0.294,74.10%,3.98,4.13,0.5
Cody Poteet,SP,NYY,9,8.5,2.9,1.2,0.292,73.70%,3.97,4.13,0.1
Cody Poteet,RP,NYY,50,8.5,2.9,1.2,0.292,73.70%,3.97,4.13,0
Rob Zastryzny,RP,CHC,48,8.4,3.2,1.1,0.29,73.90%,3.89,4.13,0
Trent Harris,RP,SFG,24,8.2,3.4,1.1,0.296,72.30%,4.09,4.13,0
Tim Mayza,RP,NYY,58,7.5,3,1,0.3,73.20%,3.94,4.13,0.1
Yariel Rodríguez,RP,TOR,32,9.3,3.8,1.1,0.293,73.10%,4.08,4.14,0
Kendall Graveman,RP,FA,56,8.7,3.8,1,0.299,72.70%,4.05,4.14,0.1
Chris Bassitt,SP,TOR,179,8.3,3,1.1,0.294,71.90%,4.08,4.14,2.2
Zack Littell,SP,TBR,81,8,2,1.4,0.293,72.10%,4.14,4.14,0.9
Zack Littell,RP,TBR,38,8,2,1.4,0.293,72.10%,4.14,4.14,0
Sem Robberse,RP,STL,24,7.5,2.7,1.1,0.294,72.50%,4,4.14,0
Dylan Dodd,RP,ATL,45,7.3,2.3,1.2,0.296,73.00%,3.99,4.14,0
Nate Lavender,RP,NYM,14,9.6,4.1,1.1,0.284,75.00%,3.81,4.15,0
Héctor Neris,RP,FA,62,9.4,3.7,1.2,0.29,73.20%,4.08,4.15,0.1
JT Brubaker,SP,NYY,18,8.8,2.7,1.3,0.292,73.50%,4.04,4.15,0.2
Michael Fulmer,RP,BOS,70,8.8,3.5,1.1,0.299,72.10%,4.18,4.15,0.2
JT Brubaker,RP,NYY,42,8.8,2.7,1.3,0.292,73.50%,4.04,4.15,0
Dennis Santana,RP,PIT,70,8.5,3.7,1,0.3,72.20%,4.15,4.15,0.2
Jhonathan Díaz,SP,SEA,9,7.4,3.2,1,0.293,73.40%,3.79,4.15,0.1
Jhonathan Díaz,RP,SEA,26,7.4,3.2,1,0.293,73.40%,3.79,4.15,0
Zach Pop,RP,TOR,55,7.3,3.2,1,0.303,72.10%,4.05,4.15,0
James Karinchak,RP,FA,40,10.6,4.6,1.2,0.285,73.80%,4.11,4.16,0.1
Paul Sewald,RP,FA,60,9.6,3.1,1.3,0.283,73.50%,4.09,4.16,0.3
Nick Sandlin,RP,CLE,46,9.6,3.9,1.1,0.293,73.30%,4.07,4.16,0
Yariel Rodríguez,SP,TOR,108,9.3,3.8,1.1,0.293,73.00%,4.1,4.16,1.3
Matthew Boyd,SP,FA,142,8.8,2.9,1.3,0.289,73.20%,4.04,4.16,2
Bobby Miller,SP,LAD,105,8.6,3.3,1.2,0.298,72.20%,4.14,4.16,1.3
Bobby Miller,RP,LAD,22,8.6,3.3,1.2,0.298,72.20%,4.14,4.16,0
Justin Hagenman,RP,NYM,26,8.3,2.6,1.3,0.286,73.00%,4.01,4.16,0
Davis Daniel,RP,LAA,55,8.1,2.2,1.3,0.293,72.60%,4.11,4.16,0.1
Wandy Peralta,RP,SDP,53,8.1,3.7,1,0.298,74.10%,3.82,4.16,0.1
Grant Holman,RP,ATH,62,8.1,3.7,1,0.293,72.90%,3.95,4.16,0
Hunter Greene,SP,CIN,182,10.7,3.4,1.4,0.29,72.90%,4.23,4.17,3
Chayce McDermott,SP,BAL,46,9.6,4,1.2,0.286,74.00%,3.98,4.17,0.4
Chayce McDermott,RP,BAL,44,9.6,4,1.2,0.286,74.00%,3.98,4.17,0
Sean Manaea,SP,FA,176,8.9,3.1,1.3,0.293,72.80%,4.12,4.17,2.1
Austin Voth,RP,SEA,64,8.9,3,1.3,0.284,74.40%,3.93,4.17,0
Austin Bergner,RP,DET,10,8.3,3.4,1.1,0.29,72.70%,4.05,4.17,0
Kyle Nelson,RP,ARI,22,8.3,3.4,1.1,0.3,72.60%,4.13,4.17,0
Dane Dunning,SP,TEX,44,8.1,3,1.1,0.299,72.20%,4.12,4.17,0.5
Jesse Chavez,RP,FA,41,8.1,3,1.2,0.298,72.50%,4.16,4.17,0
Dane Dunning,RP,TEX,48,8.1,3,1.1,0.299,72.20%,4.12,4.17,0
Spencer Turnbull,SP,FA,98,8,3.1,1.1,0.301,71.00%,4.23,4.17,1
Michael Wacha,SP,KCR,157,7.9,2.6,1.2,0.297,71.30%,4.25,4.17,2.2
Kevin Herget,RP,NYM,34,7.8,2.4,1.3,0.285,72.90%,3.98,4.17,0
Daniel Lynch IV,SP,KCR,18,7.2,2.5,1.1,0.302,71.40%,4.19,4.17,0.2
Daniel Lynch IV,RP,KCR,53,7.2,2.5,1.1,0.302,71.40%,4.19,4.17,0
T.J. McFarland,RP,ATH,61,6.4,3.3,0.8,0.302,72.70%,3.86,4.17,0
Jake Diekman,RP,FA,38,10.2,5,1,0.293,74.70%,3.9,4.18,0
Jack Neely,RP,CHC,28,9.2,3.6,1.2,0.289,73.50%,4.05,4.18,0
Luis Garcia,SP,HOU,118,8.8,2.8,1.3,0.291,72.30%,4.22,4.18,1.3
Luis Garcia,RP,HOU,15,8.8,2.8,1.3,0.291,72.30%,4.22,4.18,0
Ethan Small,RP,SFG,40,8.3,3.5,1.1,0.29,73.50%,3.97,4.18,0
Isaiah Campbell,RP,BOS,40,8.1,3.4,1.1,0.304,71.60%,4.26,4.18,0
Austin Adams,RP,FA,45,9.9,4.1,1.1,0.29,72.30%,4.08,4.19,0.2
Randy Rodríguez,RP,SFG,53,9.1,4.1,1.1,0.29,73.30%,4.03,4.19,0
Charlie Morton,SP,FA,154,9,3.6,1.1,0.299,72.20%,4.14,4.19,1.6
Jordan Hicks,SP,SFG,131,8,3.9,0.9,0.305,71.30%,4.2,4.19,0.9
Avery Weems,RP,TEX,28,7.9,3.2,1.1,0.293,73.60%,3.93,4.19,0
José Quijada,RP,LAA,63,10.5,4.6,1.2,0.29,75.00%,3.99,4.2,0.2
Andrew Walters,RP,CLE,50,9.8,4.1,1.2,0.293,73.30%,4.17,4.2,0.1
Hunter Bigge,RP,TBR,46,9.5,4.2,1.1,0.289,73.70%,4.05,4.2,0
Kyle Nicolas,RP,PIT,62,9.2,4.2,1.1,0.297,72.90%,4.13,4.2,0
Victor Vodnik,RP,COL,70,8.8,4.1,1,0.318,71.80%,4.38,4.2,0.2
Carmen Mlodzinski,RP,PIT,61,8.2,3.5,1.1,0.3,71.80%,4.23,4.2,0.1
Quinn Mathews,SP,STL,83,8.1,3.4,1.1,0.295,73.00%,4.01,4.2,0.9
Michael Flynn,RP,TBR,26,8.9,3.5,1.1,0.292,72.40%,4.1,4.21,0
Cole Waites,RP,SFG,17,8.9,4.1,1.1,0.296,72.70%,4.16,4.21,0
Yosver Zulueta,RP,CIN,53,8.8,4.2,1,0.31,72.60%,4.15,4.21,0.1
Nick Frasso,RP,LAD,19,8.5,2.9,1.3,0.291,73.00%,4.06,4.21,0
Hunter Stratton,RP,PIT,42,8.5,3.4,1.1,0.295,72.10%,4.17,4.21,0
Lou Trivino,RP,FA,40,8.3,3.7,1.1,0.298,72.50%,4.12,4.21,0.1
Matt Krook,RP,ATH,26,8.3,4.6,0.8,0.293,74.50%,3.76,4.21,0
Andrew Morris,SP,MIN,9,7.2,2.5,1.2,0.301,71.00%,4.26,4.21,0.1
Andrew Morris,RP,MIN,10,7.2,2.5,1.2,0.301,71.00%,4.26,4.21,0
Travis Adams,RP,MIN,19,7.1,2.6,1.1,0.3,71.40%,4.21,4.21,0
Spencer Bivens,RP,SFG,50,6.9,2.9,1,0.3,71.40%,4.14,4.21,0
Keegan Thompson,RP,CHC,62,9.1,3.9,1.1,0.295,73.20%,4.11,4.22,-0.1
Enoli Paredes,RP,ATL,25,9,4.4,1,0.298,73.20%,4.09,4.22,0
José Ruiz,RP,PHI,67,8.8,3.5,1.2,0.291,73.30%,4.07,4.22,0.1
Ian Seymour,SP,TBR,9,8.5,3,1.2,0.286,73.30%,4.01,4.22,0.1
Ian Seymour,RP,TBR,12,8.5,3,1.2,0.286,73.30%,4.01,4.22,0
Carson Whisenhunt,SP,SFG,9,8.3,3.5,1.1,0.294,72.50%,4.13,4.22,0.1
Luis Gil,SP,NYY,155,10.2,4.1,1.3,0.281,74.50%,4.03,4.23,2.1
Luis Gil,RP,NYY,13,10.2,4.1,1.3,0.281,74.50%,4.03,4.23,0
Domingo Gonzalez,RP,ATL,50,9,3.8,1.1,0.297,72.50%,4.16,4.23,0
Joey Cantillo,SP,CLE,116,8.9,3.9,1.1,0.292,73.50%,4.05,4.23,1.2
Joey Cantillo,RP,CLE,17,8.9,3.9,1.1,0.292,73.50%,4.05,4.23,0
Alec Marsh,SP,KCR,88,8.7,3.2,1.2,0.3,71.10%,4.35,4.23,1.1
Alec Marsh,RP,KCR,30,8.7,3.2,1.2,0.3,71.10%,4.35,4.23,0
Jackson Kowar,RP,SEA,33,8.7,3.8,1.1,0.29,73.30%,4.01,4.23,0
Frankie Montas,SP,FA,158,8.5,3.2,1.2,0.296,72.30%,4.2,4.23,1.9
Parker Messick,SP,CLE,18,8.2,3.1,1.2,0.294,72.60%,4.09,4.23,0.2
Parker Messick,RP,CLE,15,8.2,3.1,1.2,0.294,72.60%,4.09,4.23,0
DL Hall,SP,MIL,80,9.2,3.9,1.1,0.293,73.80%,4.03,4.24,1
DL Hall,RP,MIL,36,9.2,3.9,1.1,0.293,73.80%,4.03,4.24,0
Justin Anderson,RP,CHW,65,9.1,4,1.1,0.293,73.50%,4.08,4.24,0.3
Chase Silseth,SP,LAA,36,8.6,3.4,1.2,0.299,72.60%,4.18,4.24,0.4
Eli Morgan,RP,CLE,60,8.6,2.7,1.4,0.291,72.10%,4.29,4.24,0.1
Chase Silseth,RP,LAA,50,8.6,3.4,1.2,0.299,72.60%,4.18,4.24,0
Jon Gray,SP,TEX,144,8.1,2.8,1.3,0.295,72.00%,4.22,4.24,1.8
Jordan Wicks,SP,CHC,87,8.1,3,1.2,0.295,72.90%,4.1,4.24,0.8
Chris Murphy,RP,BOS,10,8.1,3.5,1.1,0.301,72.20%,4.19,4.24,0
Jon Gray,RP,TEX,12,8.1,2.8,1.3,0.295,72.00%,4.22,4.24,0
Jordan Wicks,RP,CHC,24,8.1,3,1.2,0.295,72.90%,4.1,4.24,0
Burch Smith,RP,FA,32,7.6,2.7,1.2,0.297,71.60%,4.25,4.24,0
Dylan Floro,RP,FA,64,7,2.9,1.1,0.304,71.20%,4.28,4.24,0
Austin Warren,RP,SFG,42,7.4,3.1,1.1,0.3,71.40%,4.23,4.25,-0.1
Dillon Tate,RP,TOR,53,6.9,2.9,1,0.301,71.30%,4.15,4.25,0
Cole Sulser,RP,TBR,36,8.5,3.6,1.1,0.29,73.50%,4.05,4.26,0
Hurston Waldrep,SP,ATL,18,8.4,3.8,1.1,0.301,72.40%,4.22,4.26,0.2
Hurston Waldrep,RP,ATL,24,8.4,3.8,1.1,0.301,72.40%,4.22,4.26,0
John McMillon,RP,PHI,56,9.9,4.8,1.1,0.29,74.30%,4.04,4.27,0
AJ Smith-Shawver,SP,ATL,36,9.5,3.6,1.3,0.29,72.80%,4.27,4.27,0.4
AJ Smith-Shawver,RP,ATL,17,9.5,3.6,1.3,0.29,72.80%,4.27,4.27,0
Sam Moll,RP,CIN,60,9.1,3.8,1.2,0.301,73.60%,4.13,4.27,0.1
Logan Henderson,SP,MIL,9,9,2.7,1.4,0.283,73.10%,4.17,4.27,0.1
Logan Henderson,RP,MIL,10,9,2.7,1.4,0.283,73.10%,4.17,4.27,0
Shane Baz,SP,TBR,128,8.7,3.3,1.2,0.291,72.40%,4.2,4.27,1.5
Shane Baz,RP,TBR,19,8.7,3.3,1.2,0.291,72.40%,4.2,4.27,0
José Suarez,SP,LAA,18,8.6,3.2,1.3,0.293,73.90%,4.06,4.27,0.2
José Suarez,RP,LAA,47,8.6,3.2,1.3,0.293,73.90%,4.06,4.27,0
Hunter Gaddis,RP,CLE,71,8.3,2.5,1.4,0.287,72.50%,4.17,4.27,0.1
Rolddy Munoz,RP,ATL,47,8.3,4,1,0.302,72.50%,4.18,4.27,0
Luis Severino,SP,FA,174,8,2.9,1.2,0.297,71.90%,4.22,4.27,2
Noah Schultz,SP,CHW,74,8,3.2,1.1,0.296,72.80%,4.06,4.27,1
Blake Walston,RP,ARI,32,7.9,3.3,1.1,0.299,72.10%,4.2,4.27,0
José Berríos,SP,TOR,194,7.8,2.5,1.3,0.295,71.60%,4.24,4.27,2
Ian Anderson,SP,ATL,73,7.8,3.5,1.1,0.304,71.80%,4.29,4.27,0.7
Ian Anderson,RP,ATL,21,7.8,3.5,1.1,0.304,71.80%,4.29,4.27,0
Erick Fedde,SP,STL,179,7.7,2.8,1.2,0.295,71.80%,4.24,4.27,2.2
Matt Canterino,RP,MIN,26,9.4,4,1.2,0.295,72.70%,4.3,4.28,0
Carson Coleman,RP,TEX,22,8.8,3.4,1.2,0.292,72.60%,4.19,4.28,0
Tayler Scott,RP,HOU,68,8.8,3.9,1.1,0.296,72.00%,4.27,4.28,0
Jay Jackson,RP,FA,28,8.5,3,1.3,0.29,72.60%,4.23,4.28,0
Ricky Vanasco,RP,DET,32,8.3,4.2,1,0.293,72.70%,4.11,4.28,0
Marco Raya,RP,MIN,15,8.2,3.5,1.1,0.296,72.10%,4.22,4.28,0
Steven Zobac,RP,KCR,18,7.3,2.5,1.2,0.295,71.20%,4.28,4.28,0
Jonathan Bowlan,SP,KCR,9,7.2,2.7,1.1,0.301,70.80%,4.32,4.28,0.1
Jonathan Bowlan,RP,KCR,35,7.2,2.7,1.1,0.301,70.80%,4.32,4.28,0
Shintaro Fujinami,RP,FA,30,9.5,4.4,1.1,0.29,73.20%,4.14,4.29,0
Paxton Schultz,RP,TOR,22,8.4,3.3,1.2,0.287,73.00%,4.13,4.29,0
Aaron Ashby,SP,MIL,99,8.3,4.6,0.9,0.305,72.90%,4.1,4.29,0.9
A.J. Blubaugh,SP,HOU,9,8.3,3.2,1.2,0.294,72.10%,4.24,4.29,0.1
A.J. Blubaugh,RP,HOU,26,8.3,3.2,1.2,0.294,72.10%,4.24,4.29,0
Aaron Ashby,RP,MIL,24,8.3,4.6,0.9,0.305,72.90%,4.1,4.29,0
Ryan Weathers,SP,MIA,136,8.1,3.2,1.2,0.299,73.00%,4.15,4.29,1.4
Ryan Weathers,RP,MIA,18,8.1,3.2,1.2,0.299,73.00%,4.15,4.29,0
Anthony Veneziano,RP,MIA,50,7.6,3,1.2,0.297,72.30%,4.18,4.29,0
Chris Roycroft,RP,STL,48,7.5,3.9,0.9,0.301,72.40%,4.1,4.29,0
Rafael Montero,RP,HOU,36,8.6,3.7,1.2,0.297,71.70%,4.32,4.3,0
Colton Gordon,SP,HOU,9,8,2.7,1.3,0.288,73.00%,4.09,4.3,0.1
Austin Pope,RP,ARI,12,8,3.7,1.1,0.302,71.60%,4.32,4.3,0
Colton Gordon,RP,HOU,21,8,2.7,1.3,0.288,73.00%,4.09,4.3,0
Parker Mushinski,RP,CLE,26,7.9,3.6,1,0.303,72.50%,4.14,4.3,0
Walker Buehler,SP,FA,158,7.8,2.9,1.2,0.299,71.10%,4.36,4.3,1.5
Kyle Gibson,SP,FA,166,7.7,3.1,1.2,0.301,71.90%,4.27,4.3,1.7
Scott Effross,RP,NYY,53,7.6,2.9,1.2,0.296,72.40%,4.17,4.3,0
Tyler Jay,RP,MIL,34,7.4,3.1,1.1,0.294,73.00%,4.04,4.3,0
Mitch Spence,SP,ATH,137,6.8,2.8,1.1,0.297,71.00%,4.2,4.3,1.2
Cody Morris,RP,NYY,34,9.3,4.1,1.2,0.289,73.90%,4.1,4.31,0
Shelby Miller,RP,FA,50,8.7,3.3,1.2,0.292,72.00%,4.3,4.31,0
Andrew Heaney,SP,FA,155,8.5,2.8,1.3,0.292,72.00%,4.27,4.31,1.6
Grant Anderson,RP,TEX,61,8.5,3.4,1.2,0.291,72.70%,4.17,4.31,0.1
Cody Bolton,RP,SEA,32,8.5,3.6,1.2,0.286,73.40%,4.05,4.31,0
Phil Maton,RP,FA,65,8.3,3.3,1.1,0.294,72.00%,4.19,4.31,0.2
Trevor Gott,RP,FA,24,8.1,3,1.2,0.294,71.70%,4.29,4.31,0
Tyson Miller,RP,CHC,63,8.1,2.9,1.3,0.291,72.20%,4.21,4.31,0
Kyle Backhus,RP,ARI,21,7.8,4,1,0.305,72.30%,4.2,4.31,0
Alex Young,RP,NYM,48,7.7,3.4,1.1,0.293,73.40%,4.02,4.31,0
Matt Manning,SP,DET,63,7.4,2.8,1.2,0.291,71.60%,4.24,4.31,0.5
Matt Manning,RP,DET,28,7.4,2.8,1.2,0.291,71.60%,4.24,4.31,0
Kyle Leahy,RP,STL,57,7.2,3.1,1.1,0.299,72.10%,4.18,4.31,0
Steven Cruz,RP,KCR,37,8.4,4.2,1,0.302,71.80%,4.32,4.32,0
Sam Long,RP,KCR,61,8.1,3.6,1.1,0.299,72.40%,4.27,4.32,0
Yohan Ramírez,RP,PIT,57,8.1,3.8,1,0.304,71.50%,4.21,4.32,0
Brandon Sproat,SP,NYM,74,7.9,3.3,1.2,0.291,72.20%,4.17,4.32,0.7
Yerry De Los Santos,RP,NYY,40,7.5,3.3,1.1,0.296,72.70%,4.12,4.32,0
Miles Mikolas,SP,STL,176,6.5,1.7,1.3,0.298,70.60%,4.33,4.32,1.8
Hans Crouse,RP,LAA,68,10.2,4.4,1.3,0.289,73.90%,4.24,4.33,0.2
Tyler Kinley,RP,COL,66,9.4,3.7,1.3,0.305,71.70%,4.52,4.33,0.3
Kaleb Ort,RP,HOU,58,9.2,3.6,1.3,0.288,72.90%,4.26,4.33,0
Lucas Giolito,SP,BOS,91,8.8,3.2,1.3,0.298,71.30%,4.46,4.33,1
Roansy Contreras,RP,TEX,62,8.6,3.4,1.3,0.292,72.80%,4.24,4.33,0
Scott McGough,RP,FA,35,8.5,3.8,1.2,0.296,73.10%,4.2,4.33,0
Johan Oviedo,SP,PIT,91,8,3.6,1.1,0.302,71.30%,4.33,4.33,0.9
Johan Oviedo,RP,PIT,48,8,3.6,1.1,0.302,71.30%,4.33,4.33,0
Mason Thompson,RP,WSH,53,7.5,3.5,1.1,0.298,71.90%,4.19,4.33,0
Tim Hill,RP,FA,67,5.4,3,0.8,0.311,71.40%,4.13,4.33,-0.1
Tyler Mahle,SP,TEX,161,8.4,2.8,1.4,0.291,72.20%,4.29,4.34,1.5
Albert Suárez,SP,BAL,106,8,2.6,1.4,0.29,72.20%,4.28,4.34,1
Albert Suárez,RP,BAL,40,8,2.6,1.4,0.29,72.20%,4.28,4.34,0
Thomas Harrington,SP,PIT,9,7.7,2.4,1.3,0.29,71.40%,4.32,4.34,0.1
Thomas Harrington,RP,PIT,22,7.7,2.4,1.3,0.29,71.40%,4.32,4.34,0
Trevor Rogers,SP,BAL,95,7.6,3.2,1.1,0.296,72.40%,4.19,4.34,0.8
Trevor Rogers,RP,BAL,33,7.6,3.2,1.1,0.296,72.40%,4.19,4.34,0
Adam Kloffenstein,SP,STL,9,7.3,3.2,1.1,0.297,71.50%,4.19,4.34,0.1
Adam Kloffenstein,RP,STL,35,7.3,3.2,1.1,0.297,71.50%,4.19,4.34,0
Jacob Latz,RP,TEX,59,9.4,4.2,1.2,0.286,74.50%,4.06,4.35,0.1
Eric Reyzelman,RP,NYY,10,9.4,4.1,1.2,0.288,73.70%,4.18,4.35,0
Kelvin Caceres,RP,LAA,42,9.3,4.6,1.1,0.299,73.20%,4.18,4.35,0
Logan VanWey,RP,HOU,10,8.9,4.3,1.1,0.295,72.70%,4.21,4.35,0
Cade Povich,SP,BAL,125,8.2,3.3,1.2,0.287,73.30%,4.11,4.35,1.3
Hogan Harris,SP,ATH,18,8.2,3.9,1.1,0.287,73.50%,4.01,4.35,0.2
Cade Povich,RP,BAL,22,8.2,3.3,1.2,0.287,73.30%,4.11,4.35,0
Hogan Harris,RP,ATH,53,8.2,3.9,1.1,0.287,73.50%,4.01,4.35,0
Collin Snider,RP,SEA,66,8.1,3.7,1.1,0.29,73.10%,4.12,4.35,-0.1
Tyler Gilbert,RP,PHI,58,7.5,2.7,1.3,0.291,73.20%,4.11,4.35,0
Max Lazar,RP,PHI,50,7.4,3,1.2,0.295,72.10%,4.2,4.35,0.1
Edgardo Henriquez,RP,LAD,50,9.4,4.2,1.2,0.291,73.60%,4.19,4.36,0.1
Rico Garcia,RP,NYM,22,9.4,3.8,1.3,0.28,73.90%,4.14,4.36,0
Ethan Roberts,RP,CHC,53,8.8,3.8,1.2,0.294,72.90%,4.24,4.36,0
Francis Pena,RP,SDP,36,7.5,3.6,1.1,0.298,72.40%,4.16,4.36,0
Yoniel Curet,RP,TBR,10,9.5,4.5,1.1,0.286,73.30%,4.12,4.37,0
Enyel De Los Santos,RP,CHW,48,9,3.5,1.3,0.289,73.70%,4.17,4.37,0.1
Cade Cavalli,SP,WSH,120,8.3,3.4,1.2,0.292,71.70%,4.28,4.37,1.3
Cade Cavalli,RP,WSH,12,8.3,3.4,1.2,0.292,71.70%,4.28,4.37,0
Christian MacLeod,RP,MIN,12,8.2,3.9,1.1,0.295,73.00%,4.19,4.37,0
Bryan Mata,RP,BOS,36,8.1,4.1,1,0.304,71.50%,4.35,4.37,0
Kyle Brnovich,RP,BAL,21,7.8,3.2,1.2,0.294,72.20%,4.22,4.37,0
Matt Bowman,RP,FA,30,7.6,3.5,1.1,0.301,71.80%,4.31,4.37,0
Jakob Junis,SP,FA,106,7.5,2.4,1.3,0.297,70.80%,4.42,4.37,1
Paul Blackburn,SP,NYM,155,7.4,2.7,1.3,0.295,71.80%,4.29,4.37,1.4
Garrett Burhenn,RP,DET,12,7,2.7,1.2,0.29,71.50%,4.25,4.37,0
Chandler Champlain,RP,KCR,8,6.6,2.7,1.1,0.302,70.50%,4.4,4.37,0
Blas Castano,SP,SEA,9,6.9,2.8,1.1,0.291,71.80%,4.13,4.38,0.1
Blas Castano,RP,SEA,22,6.9,2.8,1.1,0.291,71.80%,4.13,4.38,0
Josh Staumont,RP,FA,37,8.9,4.3,1.1,0.292,72.80%,4.27,4.39,0
Lance Lynn,SP,FA,153,8.4,2.9,1.4,0.292,71.70%,4.39,4.39,1.7
Justin Sterner,RP,ATH,57,8.2,3.5,1.2,0.281,72.90%,4.14,4.39,0
Hayden Juenger,RP,TOR,24,8.1,3.3,1.2,0.29,72.20%,4.25,4.39,0
Easton Lucas,RP,TOR,26,8,3.6,1.2,0.289,73.40%,4.12,4.39,0
Kai-Wei Teng,RP,SFG,30,7.8,3.6,1.1,0.297,71.10%,4.31,4.39,0
Jose Quintana,SP,FA,163,7.3,3.3,1.1,0.301,71.60%,4.35,4.39,1.4
Brandon Birdsell,SP,CHC,9,7.3,2.4,1.3,0.29,71.60%,4.27,4.39,0.1
Brandon Birdsell,RP,CHC,21,7.3,2.4,1.3,0.29,71.60%,4.27,4.39,0
Jhony Brito,SP,SDP,18,7.1,2.9,1.2,0.296,71.60%,4.26,4.39,0.2
Blake Beers,RP,ATH,24,7.1,2.9,1.2,0.286,71.80%,4.13,4.39,0
Jhony Brito,RP,SDP,40,7.1,2.9,1.2,0.296,71.60%,4.26,4.39,0
Trevor Richards,RP,FA,50,9.4,4.1,1.3,0.289,73.60%,4.29,4.4,0
Kutter Crawford,SP,BOS,187,8.5,2.7,1.5,0.293,71.10%,4.5,4.4,2.3
Mike Burrows,SP,PIT,18,8,3.3,1.2,0.294,71.50%,4.39,4.4,0.2
Mike Burrows,RP,PIT,30,8,3.3,1.2,0.294,71.50%,4.39,4.4,0
Mason Black,SP,SFG,53,7.9,3.1,1.2,0.294,70.90%,4.41,4.4,0.3
Mason Black,RP,SFG,28,7.9,3.1,1.2,0.294,70.90%,4.41,4.4,0
Jacob Barnes,RP,FA,46,7.7,3.1,1.2,0.297,71.80%,4.36,4.4,0
Geoff Hartlieb,RP,NYY,24,7.7,3.4,1.2,0.293,72.70%,4.18,4.4,0
Adam Mazur,SP,MIA,9,7.4,2.5,1.3,0.295,71.00%,4.43,4.4,0.1
Adam Mazur,RP,MIA,10,7.4,2.5,1.3,0.295,71.00%,4.43,4.4,0
Jameson Taillon,SP,CHC,168,7.2,2.2,1.4,0.296,70.50%,4.48,4.4,1.3
Steven Okert,RP,HOU,30,9.5,3.8,1.3,0.286,73.50%,4.24,4.41,0
McKinley Moore,RP,NYY,26,9.2,4.7,1.1,0.292,73.60%,4.13,4.41,0
Daniel Robert,RP,TEX,63,8.7,3.7,1.3,0.289,72.80%,4.26,4.41,0.1
Gavin Hollowell,RP,CHC,26,8.7,3.8,1.2,0.291,72.60%,4.26,4.41,0
Brandon Hughes,RP,ARI,50,8.6,3.7,1.2,0.294,72.30%,4.35,4.41,-0.1
Aaron Civale,SP,MIL,143,8.5,2.7,1.5,0.293,72.10%,4.42,4.41,1.5
Miguel Castro,RP,FA,42,7.9,3.7,1.1,0.298,71.50%,4.35,4.41,0
Logan Evans,SP,SEA,9,7.4,3.2,1.2,0.29,72.20%,4.18,4.41,0.1
Logan Evans,RP,SEA,10,7.4,3.2,1.2,0.29,72.20%,4.18,4.41,0
Austin Kitchen,RP,SEA,24,6.1,2.9,1,0.294,72.80%,4.02,4.41,0
Tony Santillan,RP,CIN,63,10,4.1,1.3,0.296,73.20%,4.37,4.42,0.1
Ronel Blanco,SP,HOU,169,8.9,3.7,1.3,0.293,72.40%,4.38,4.42,1.6
Fraser Ellard,RP,CHW,65,8.5,4.4,1.1,0.295,73.90%,4.08,4.42,0.1
Colin Poche,RP,TBR,61,8.5,3.5,1.3,0.285,73.10%,4.25,4.42,-0.1
Bowden Francis,SP,TOR,158,8.3,2.5,1.5,0.283,71.90%,4.31,4.42,1.6
Peter Strzelecki,RP,CLE,42,8.2,3.3,1.2,0.296,71.40%,4.41,4.42,0
Jake Bird,RP,COL,50,7.9,3.6,1.1,0.318,70.30%,4.65,4.42,0
Drew Smith,RP,FA,12,9,3.6,1.3,0.286,73.30%,4.28,4.43,0
Ryan Och,RP,SDP,19,9,4.6,1.1,0.293,74.00%,4.13,4.43,0
Sean Newcomb,RP,FA,35,8.9,4.6,1.1,0.294,73.50%,4.18,4.43,0
Marc Church,RP,TEX,53,8.8,3.8,1.3,0.29,72.80%,4.31,4.43,0
Vinny Nittoli,RP,MIL,19,8.3,3.1,1.3,0.289,72.30%,4.31,4.43,0
Justin Lawrence,RP,COL,58,8.2,4.1,1.1,0.317,70.60%,4.62,4.43,0
Gus Varland,RP,CHW,62,8.1,3.5,1.2,0.294,72.60%,4.26,4.43,0
Cody Bradford,SP,TEX,127,7.7,2.2,1.5,0.285,72.30%,4.31,4.43,1.3
Cody Bradford,RP,TEX,15,7.7,2.2,1.5,0.285,72.30%,4.31,4.43,0
Tyler Alexander,SP,TBR,9,7.6,2,1.5,0.288,72.30%,4.34,4.43,0.1
Tyler Alexander,RP,TBR,44,7.6,2,1.5,0.288,72.30%,4.34,4.43,0
Tink Hence,SP,STL,37,7.5,3.3,1.2,0.295,71.60%,4.34,4.43,0.3
Kyle Tyler,RP,PHI,26,7.3,3.3,1.2,0.295,72.30%,4.22,4.43,0
Ryne Nelson,SP,ARI,144,7,2.5,1.3,0.3,70.40%,4.52,4.43,1
Joe Jacques,RP,LAD,31,6.9,3.4,1,0.303,72.60%,4.14,4.43,0
Brett de Geus,RP,TOR,33,6.6,3.4,1,0.303,71.10%,4.3,4.43,0
Andrew Alvarez,SP,WSH,9,6.5,3.3,1,0.298,72.30%,4.13,4.43,0.1
Andrew Alvarez,RP,WSH,15,6.5,3.3,1,0.298,72.30%,4.13,4.43,0
DJ Herz,SP,WSH,148,9.5,4.4,1.2,0.281,74.00%,4.14,4.44,1.5
Landon Knack,SP,LAD,44,8.8,2.8,1.5,0.287,72.50%,4.39,4.44,0.5
Landon Knack,RP,LAD,34,8.8,2.8,1.5,0.287,72.50%,4.39,4.44,0
Tyler Matzek,RP,FA,36,8.8,4.2,1.2,0.292,73.50%,4.25,4.44,-0.1
Jacob Webb,RP,BAL,61,8.5,3.8,1.2,0.29,72.90%,4.25,4.44,0
Dale Stanavich,RP,MIA,12,8.4,4.4,1.1,0.3,72.90%,4.28,4.44,0
Génesis Cabrera,RP,FA,40,8.3,3.9,1.2,0.292,73.00%,4.23,4.44,0
Anthony Maldonado,RP,ATH,44,8,3.6,1.2,0.284,72.80%,4.17,4.44,0
Joan Adon,RP,WSH,56,7.6,3.4,1.1,0.295,72.10%,4.24,4.44,0
Ryan Loutos,RP,STL,44,7.2,3.6,1.1,0.299,72.00%,4.3,4.44,0
Tyler Phillips,SP,PHI,18,6.5,2.8,1.1,0.298,71.40%,4.29,4.44,0.2
Tyler Phillips,RP,PHI,28,6.5,2.8,1.1,0.298,71.40%,4.29,4.44,0
Jack Dreyer,RP,LAD,24,8.8,3.9,1.3,0.29,74.10%,4.19,4.45,0
Chris Devenski,RP,NYM,50,8.3,3.1,1.4,0.284,72.00%,4.35,4.45,0
Adam Macko,SP,TOR,18,8,3.5,1.2,0.29,72.70%,4.2,4.45,0.1
Adam Macko,RP,TOR,15,8,3.5,1.2,0.29,72.70%,4.2,4.45,0
William Kempner,RP,SFG,21,8,3.8,1.1,0.297,71.40%,4.42,4.45,0
Keider Montero,SP,DET,118,7.7,3.2,1.2,0.291,71.50%,4.36,4.45,0.9
Keider Montero,RP,DET,21,7.7,3.2,1.2,0.291,71.50%,4.36,4.45,0
Jake Irvin,SP,WSH,178,7.5,2.9,1.3,0.295,71.50%,4.36,4.45,1.7
Marcus Stroman,SP,NYY,133,6.9,3,1.2,0.3,71.30%,4.38,4.45,1.2
Marcus Stroman,RP,NYY,21,6.9,3,1.2,0.3,71.30%,4.38,4.45,0
Spencer Arrighetti,SP,HOU,141,9.2,3.9,1.3,0.291,72.10%,4.41,4.46,1.2
Christian Roa,RP,MIA,15,8.7,4.3,1.1,0.296,72.20%,4.39,4.46,0
Devin Sweet,RP,PHI,43,8.7,3.6,1.3,0.286,72.90%,4.26,4.46,0
Camden Minacci,RP,LAA,21,8.5,3.9,1.2,0.299,72.40%,4.37,4.46,0
Giovanny Gallegos,RP,FA,49,8.4,3.2,1.4,0.289,72.50%,4.39,4.46,-0.1
Dean Kremer,SP,BAL,165,7.9,3,1.3,0.292,72.20%,4.36,4.46,1.4
Germán Márquez,SP,COL,160,7.6,2.9,1.3,0.317,70.00%,4.76,4.46,2.2
Luis L. Ortiz,SP,PIT,72,7.4,3.3,1.2,0.303,70.60%,4.54,4.46,0.6
Luis L. Ortiz,RP,PIT,53,7.4,3.3,1.2,0.303,70.60%,4.54,4.46,0
Evan Gates,RP,SFG,10,7.3,3.6,1.1,0.298,71.50%,4.4,4.46,0
J.T. Ginn,SP,ATH,136,6.3,3.2,1,0.297,70.90%,4.27,4.46,1.1
Eric Cerantola,RP,KCR,14,8.6,4.7,1,0.299,71.90%,4.39,4.47,0
Jonah Tong,SP,NYM,28,8.3,3.9,1.2,0.29,72.50%,4.29,4.47,0.2
Jaden Hill,RP,COL,32,8,3.6,1.2,0.315,70.00%,4.7,4.47,0
Michael Darrell-Hicks,RP,LAA,32,7.6,3,1.3,0.299,71.30%,4.41,4.47,0
Graham Ashcraft,SP,CIN,36,7.2,2.7,1.3,0.309,70.40%,4.56,4.47,0.4
Graham Ashcraft,RP,CIN,26,7.2,2.7,1.3,0.309,70.40%,4.56,4.47,0
Anthony DeSclafani,SP,FA,99,7,2.3,1.4,0.297,70.60%,4.5,4.47,0.8
Cooper Criswell,SP,BOS,96,6.5,2.7,1.1,0.31,69.10%,4.65,4.47,0.9
Cooper Criswell,RP,BOS,18,6.5,2.7,1.1,0.31,69.10%,4.65,4.47,0
Casey Lawrence,RP,SEA,21,6,1.8,1.3,0.289,71.30%,4.26,4.47,0
Nick Merkel,RP,MIL,18,7.8,3.5,1.2,0.294,72.10%,4.31,4.48,0
Mason Barnett,SP,ATH,46,7.7,3.6,1.2,0.285,71.90%,4.25,4.48,0.3
Ryan Webb,SP,CLE,28,7.5,3.4,1.2,0.297,71.90%,4.34,4.48,0.2
Ryan Webb,RP,CLE,19,7.5,3.4,1.2,0.297,71.90%,4.34,4.48,0
Caleb Kilian,SP,CHC,27,6.8,3.1,1.2,0.299,71.10%,4.37,4.48,0.3
Caleb Kilian,RP,CHC,38,6.8,3.1,1.2,0.299,71.10%,4.37,4.48,0
Matt Svanson,RP,STL,22,6.4,3.5,1,0.303,71.20%,4.31,4.48,0
Emilio Pagán,RP,CIN,66,9.4,3.1,1.6,0.29,73.30%,4.44,4.49,0.3
Yoendrys Gómez,RP,NYY,56,8.9,3.6,1.4,0.284,73.10%,4.29,4.49,-0.1
Tejay Antone,RP,CIN,15,8.6,3.7,1.3,0.301,72.20%,4.46,4.49,0
George Soriano,RP,MIA,44,8.4,3.8,1.2,0.296,71.80%,4.41,4.49,0
Osvaldo Bido,SP,ATH,106,8,3.5,1.2,0.283,71.50%,4.28,4.49,1
Osvaldo Bido,RP,ATH,15,8,3.5,1.2,0.283,71.50%,4.28,4.49,0
Grant Hartwig,RP,NYM,36,7.8,3.9,1.1,0.293,72.40%,4.22,4.49,0
Justin Verlander,SP,FA,139,7.6,2.4,1.4,0.286,71.20%,4.44,4.49,1.5
Landon Harper,RP,ATL,10,6.8,2.6,1.3,0.298,71.20%,4.44,4.49,0
Nick Hernandez,RP,HOU,48,8.9,3.5,1.4,0.284,72.70%,4.34,4.5,0
Buck Farmer,RP,FA,52,8.5,3.7,1.3,0.29,72.00%,4.41,4.5,0
Luis Contreras,RP,HOU,44,8.5,3.7,1.3,0.292,72.00%,4.41,4.5,0
Michael Petersen,RP,TOR,42,8.5,3.6,1.3,0.287,72.30%,4.39,4.5,-0.1
Trey McLoughlin,RP,NYM,19,8.1,3.7,1.2,0.285,73.10%,4.25,4.5,0
Cade Horton,SP,CHC,18,8,3.2,1.3,0.292,71.50%,4.44,4.5,0.1
J.P. France,SP,HOU,18,7.8,3.1,1.3,0.295,71.40%,4.49,4.5,0.1
J.P. France,RP,HOU,24,7.8,3.1,1.3,0.295,71.40%,4.49,4.5,0
Travis Kuhn,RP,SEA,14,7.6,3.7,1.1,0.289,72.50%,4.19,4.5,0
Drue Hackenberg,SP,ATL,9,7.5,4,1,0.306,71.00%,4.46,4.5,0.1
Luinder Avila,RP,KCR,10,7,3.8,1,0.306,70.60%,4.5,4.5,0
Matt Moore,RP,FA,48,8.6,4,1.3,0.288,73.80%,4.25,4.51,0
Zach Brzykcy,RP,WSH,45,8.6,4.2,1.2,0.29,72.70%,4.33,4.51,0
Matt Festa,RP,TEX,65,8.4,3.5,1.3,0.286,72.30%,4.36,4.51,0.1
Will Klein,RP,ATH,48,8.4,4.9,1,0.29,73.10%,4.21,4.51,-0.1
Justin Wrobleski,SP,LAD,18,8,3.2,1.3,0.292,73.00%,4.31,4.51,0.2
Justin Wrobleski,RP,LAD,42,8,3.2,1.3,0.292,73.00%,4.31,4.51,0
Chad Patrick,SP,MIL,9,7.9,2.6,1.4,0.284,72.20%,4.34,4.51,0.1
Chad Patrick,RP,MIL,23,7.9,2.6,1.4,0.284,72.20%,4.34,4.51,0
Alek Jacob,RP,SDP,48,7.9,3.5,1.2,0.291,72.30%,4.31,4.51,0
Mitchell Parker,SP,WSH,164,7.8,3.3,1.3,0.289,72.70%,4.34,4.51,1.4
Griffin Canning,SP,ATL,125,7.8,3,1.4,0.3,71.80%,4.5,4.51,0.8
Griffin Canning,RP,ATL,12,7.8,3,1.4,0.3,71.80%,4.5,4.51,0
Jesse Scholtens,RP,CHW,15,7.4,2.7,1.4,0.292,72.10%,4.38,4.51,0
Chase Shugart,RP,BOS,26,7.3,3.4,1.2,0.302,70.60%,4.56,4.51,0
Patrick Monteverde,RP,MIA,22,7.1,2.8,1.3,0.291,72.10%,4.33,4.51,0
Brad Lord,SP,WSH,28,7,3.2,1.2,0.294,71.10%,4.35,4.51,0.3
Brad Lord,RP,WSH,17,7,3.2,1.2,0.294,71.10%,4.35,4.51,0
Austin Krob,SP,SDP,28,6.7,3.4,1.1,0.299,72.10%,4.24,4.51,0.2
Austin Krob,RP,SDP,10,6.7,3.4,1.1,0.299,72.10%,4.24,4.51,0
Luis Guerrero,RP,BOS,55,8.9,4.4,1.2,0.297,71.60%,4.51,4.52,0
Garrett Acton,RP,TBR,15,8.5,3.5,1.3,0.288,72.40%,4.43,4.52,0
Tom Cosgrove,RP,SDP,44,8.2,3.8,1.2,0.288,73.10%,4.21,4.52,0
Alex Pham,SP,BAL,9,8,3.4,1.3,0.289,72.50%,4.36,4.52,0.1
Alex Pham,RP,BAL,28,8,3.4,1.3,0.289,72.50%,4.36,4.52,0
Eduardo Salazar,RP,WSH,58,6.6,3.4,1,0.299,71.40%,4.28,4.52,0
Prelander Berroa,RP,CHW,67,9.4,4.8,1.2,0.287,74.30%,4.22,4.53,0
Seth Halvorsen,RP,COL,65,8.2,3.9,1.2,0.312,70.50%,4.74,4.53,0.3
Bubba Chandler,SP,PIT,83,7.8,3.8,1.2,0.298,70.90%,4.53,4.53,0.7
Logan Allen,SP,CLE,96,7.7,3.4,1.3,0.297,72.40%,4.4,4.53,0.7
Chris Stratton,RP,KCR,57,7.5,3.8,1.1,0.302,71.10%,4.57,4.53,0
Sean Reynolds,RP,SDP,62,8.6,4.4,1.2,0.292,72.80%,4.32,4.54,-0.2
Peyton Alford,RP,SEA,12,8.5,4.2,1.2,0.283,74.20%,4.13,4.54,0
José Buttó,SP,NYM,91,8.2,3.7,1.3,0.287,72.20%,4.36,4.54,0.6
José Buttó,RP,NYM,32,8.2,3.7,1.3,0.287,72.20%,4.36,4.54,0
Angel Chivilli,RP,COL,61,8.1,3.6,1.3,0.31,70.70%,4.71,4.54,0
Tobias Myers,SP,MIL,144,8,2.8,1.4,0.29,72.10%,4.46,4.54,1.3
Lake Bachar,RP,MIA,53,8,3.5,1.3,0.291,71.90%,4.46,4.54,0
Ryan Feltner,SP,COL,177,7.8,3.1,1.3,0.313,69.20%,4.89,4.54,1.8
Trey McGough,RP,CHW,28,7.8,3.6,1.2,0.291,73.50%,4.24,4.54,0
Ryan Yarbrough,RP,FA,45,6.7,2.4,1.3,0.292,71.40%,4.33,4.54,0
Roddery Muñoz,RP,STL,26,8.2,3.6,1.3,0.294,72.30%,4.42,4.55,0
Sam Bachman,RP,LAA,57,7.5,3.8,1.1,0.301,71.70%,4.43,4.55,0
Bryce Jarvis,RP,ARI,54,7.4,3.8,1.1,0.305,70.60%,4.62,4.55,-0.1
Jonathan Pintaro,SP,NYM,55,7.2,3.3,1.2,0.293,71.20%,4.4,4.55,0.4
Gordon Graceffo,SP,STL,18,6.6,2.7,1.3,0.295,71.10%,4.44,4.55,0.1
Gordon Graceffo,RP,STL,40,6.6,2.7,1.3,0.295,71.10%,4.44,4.55,-0.1
Jeff Criswell,RP,COL,53,8.4,3.3,1.4,0.302,71.00%,4.7,4.56,0
Patrick Corbin,SP,FA,135,6.8,2.7,1.3,0.301,71.10%,4.53,4.56,1
Jordan Leasure,RP,CHW,50,8.8,4.2,1.3,0.289,73.50%,4.34,4.57,0
Jose Cuas,RP,PHI,48,8.2,4.1,1.1,0.294,72.10%,4.35,4.57,0
Diego Castillo,RP,FA,32,7.8,4.2,1.1,0.298,71.80%,4.42,4.57,0
Max Kranick,RP,NYM,24,7.6,3.1,1.3,0.282,73.20%,4.24,4.57,0
Javier Assad,SP,CHC,149,7.5,3.5,1.2,0.298,71.40%,4.51,4.57,1
Javier Assad,RP,CHC,15,7.5,3.5,1.2,0.298,71.40%,4.51,4.57,0
Seth Martinez,RP,ARI,58,7.4,3.5,1.2,0.3,70.50%,4.61,4.57,-0.1
Jack Leiter,SP,TEX,106,8.9,3.9,1.3,0.287,72.20%,4.46,4.58,0.8
Jack Leiter,RP,TEX,17,8.9,3.9,1.3,0.287,72.20%,4.46,4.58,0
Andrew Painter,SP,PHI,102,8,3,1.4,0.287,71.70%,4.46,4.58,0.9
Martín Pérez,SP,FA,144,6.8,3.2,1.2,0.301,71.30%,4.51,4.58,1
Lucas Sims,RP,FA,55,9.5,4.5,1.3,0.285,73.00%,4.42,4.59,0
Luis Peralta,RP,COL,64,8.7,4.6,1.1,0.312,71.80%,4.64,4.59,-0.1
Lucas Gilbreath,RP,COL,48,8.4,4.4,1.2,0.309,71.70%,4.61,4.59,0
Jack Dashwood,RP,LAA,36,8.3,3.5,1.4,0.29,73.10%,4.39,4.59,0
Skylar Hales,RP,TEX,24,8.1,3.6,1.3,0.292,72.10%,4.47,4.59,0
Alan Rangel,RP,PHI,40,8,2.8,1.5,0.28,72.80%,4.35,4.59,0
Ian Mejia,RP,ATL,22,7.5,3.2,1.3,0.296,71.30%,4.54,4.59,0
Trystan Vrieling,RP,NYY,15,7.4,2.8,1.4,0.286,72.40%,4.36,4.59,0
Alexis Díaz,RP,CIN,65,9.8,4.4,1.4,0.293,72.30%,4.55,4.6,0.2
Lyon Richardson,SP,CIN,9,8.6,4.1,1.3,0.303,72.00%,4.55,4.6,0.1
Lyon Richardson,RP,CIN,22,8.6,4.1,1.3,0.303,72.00%,4.55,4.6,0
Jairo Iriarte,RP,CHW,40,8.2,4,1.2,0.292,72.20%,4.38,4.6,0
JP Sears,SP,ATH,180,7.3,2.6,1.4,0.284,71.30%,4.39,4.6,1.4
Joe La Sorsa,RP,WSH,48,6.3,2.7,1.2,0.293,71.60%,4.34,4.6,0
Andry Lara,RP,WSH,22,7,3.2,1.3,0.289,71.70%,4.39,4.61,0
Micah Dallas,RP,ATH,21,6.8,3.3,1.2,0.29,71.50%,4.4,4.61,0
Connor Phillips,SP,CIN,9,9.3,4.2,1.4,0.298,72.30%,4.58,4.62,0.1
Connor Phillips,RP,CIN,28,9.3,4.2,1.4,0.298,72.30%,4.58,4.62,0
Davis Martin,SP,CHW,137,7.7,3.3,1.3,0.294,71.70%,4.49,4.62,1.3
Matt Barnes,RP,FA,35,7.6,3.7,1.2,0.297,70.80%,4.62,4.62,0
Noah Murdock,RP,KCR,21,7.2,4.8,0.9,0.309,71.00%,4.54,4.62,0
Evan Fitterer,RP,MIA,21,6.8,4.2,1,0.305,71.00%,4.48,4.62,0
Eric Adler,RP,CHW,24,8.5,4.9,1.1,0.296,73.00%,4.38,4.63,0
Ian Gibaut,RP,CIN,56,8.4,3.6,1.4,0.301,71.70%,4.63,4.63,0
Nick Martinez,SP,CIN,157,7.5,2.6,1.5,0.301,70.60%,4.72,4.63,1.9
Nick Martinez,RP,CIN,10,7.5,2.6,1.5,0.301,70.60%,4.72,4.63,0
Joey Mancini,RP,HOU,12,7.5,3.6,1.2,0.296,71.20%,4.52,4.63,0
Wyatt Mills,RP,BOS,21,7.3,3.8,1.1,0.304,70.40%,4.64,4.63,0
Bailey Falter,SP,PIT,121,6.9,2.7,1.4,0.295,70.70%,4.62,4.63,1
Bailey Falter,RP,PIT,28,6.9,2.7,1.4,0.295,70.70%,4.62,4.63,0
Mick Abel,RP,PHI,22,8.3,4.2,1.2,0.289,72.60%,4.39,4.64,0
Alex Wood,SP,FA,111,7.2,3.2,1.2,0.299,70.90%,4.55,4.64,0.7
Ron Marinaccio,RP,CHW,54,8.6,4.3,1.2,0.291,72.00%,4.47,4.65,0
Luis Curvelo,RP,TEX,44,8.1,3.5,1.3,0.289,72.00%,4.5,4.65,0
Simeon Woods Richardson,SP,MIN,138,7.6,3.4,1.3,0.296,70.70%,4.7,4.65,1
Colin Rea,SP,FA,144,7.1,2.6,1.4,0.297,69.90%,4.72,4.65,1
Daniel Bard,RP,FA,40,8.5,4.8,1.1,0.294,72.20%,4.48,4.67,-0.2
Dany Jiménez,RP,ATH,60,8.4,4.5,1.2,0.283,72.60%,4.41,4.67,-0.1
Carson Spiers,SP,CIN,9,8.1,2.8,1.5,0.297,71.50%,4.66,4.67,0.1
Carson Spiers,RP,CIN,42,8.1,2.8,1.5,0.297,71.50%,4.66,4.67,0
Clay Helvey,RP,WSH,24,7.8,4.3,1.2,0.295,71.80%,4.5,4.67,0
Jimmy Herget,RP,COL,41,7.5,2.7,1.5,0.306,69.70%,4.89,4.67,0
Logan Gillaspie,RP,SDP,28,7.4,3.2,1.3,0.292,71.70%,4.51,4.67,0
Anthony Simonelli,RP,KCR,12,7.3,3.6,1.2,0.299,70.50%,4.7,4.67,0
Mason Adams,SP,CHW,9,6.1,2.8,1.2,0.3,70.40%,4.54,4.67,0.1
Cole Winn,RP,TEX,33,8.1,4,1.3,0.292,72.10%,4.53,4.68,0
Nicholas Padilla,RP,PHI,21,7.9,4.7,1.1,0.295,72.30%,4.4,4.68,0
Amos Willingham,RP,WSH,35,7.4,3.5,1.3,0.292,71.50%,4.54,4.68,0
Matt Waldron,SP,SDP,118,7.2,2.7,1.4,0.29,70.40%,4.6,4.68,0.9
Brent Suter,RP,CIN,58,7.2,2.9,1.4,0.304,72.00%,4.6,4.68,0
Trevor Williams,SP,FA,139,7.1,2.8,1.4,0.297,70.80%,4.69,4.68,0.9
Jared Kollar,RP,SDP,12,6.8,2.5,1.4,0.289,71.50%,4.51,4.68,0
Zach Maxwell,RP,CIN,37,9.7,5,1.3,0.297,73.00%,4.58,4.69,0
Jacob Misiorowski,SP,MIL,65,9,4.6,1.2,0.29,72.00%,4.5,4.69,0.4
Jacob Misiorowski,RP,MIL,28,9,4.6,1.2,0.29,72.00%,4.5,4.69,0
Deivi García,RP,MIL,25,8.7,4.3,1.3,0.289,72.30%,4.52,4.69,0
Hagen Smith,SP,CHW,19,8.1,3.4,1.4,0.289,69.60%,4.88,4.69,0.2
Luarbert Arias,RP,MIA,41,8,3.5,1.4,0.288,71.40%,4.6,4.69,-0.1
Jarret Whorff,RP,MIN,22,7.5,4,1.2,0.298,71.00%,4.65,4.69,0
Zach Logue,RP,LAD,38,7.3,2.7,1.5,0.291,72.20%,4.47,4.69,0
Po-Yu Chen,RP,PIT,8,6.4,3,1.2,0.299,70.10%,4.64,4.69,0
Ryan Zeferjahn,RP,LAA,65,8.8,4.3,1.3,0.29,72.30%,4.52,4.7,-0.1
Bradgley Rodriguez,RP,SDP,26,8.4,4.5,1.2,0.291,72.60%,4.46,4.7,0
Tristan Garnett,RP,PHI,17,7.9,4.4,1.2,0.291,73.30%,4.34,4.7,0
Matt Cronin,RP,WSH,28,7.7,4,1.3,0.288,72.90%,4.4,4.7,0
Will Smith,RP,FA,41,8,3.5,1.4,0.289,72.20%,4.57,4.71,-0.2
Jay Groome,RP,SDP,8,7.9,4.1,1.3,0.289,73.20%,4.38,4.71,0
T.J. Sikkema,RP,CIN,24,7.3,3.2,1.3,0.301,71.70%,4.54,4.71,0
Rhett Lowder,SP,CIN,146,7.1,3,1.4,0.304,70.30%,4.75,4.71,1.5
Jackson Jobe,SP,DET,129,7.1,3.4,1.3,0.287,70.90%,4.58,4.71,0.4
Jackson Jobe,RP,DET,17,7.1,3.4,1.3,0.287,70.90%,4.58,4.71,0
Jack O'Loughlin,RP,COL,26,7.1,3.2,1.3,0.31,70.50%,4.81,4.71,0
Jared Shuster,RP,CHW,68,7,3.3,1.3,0.289,72.50%,4.44,4.71,0
Penn Murfee,RP,CHW,44,8,3.5,1.4,0.291,72.10%,4.58,4.72,0
Wesley Moore,RP,PHI,15,8,4.3,1.2,0.291,72.90%,4.39,4.72,0
Bailey Horn,RP,BOS,28,7.9,4.4,1.2,0.299,71.90%,4.61,4.72,0
Ryan Gusto,SP,HOU,37,7.2,3.1,1.4,0.293,70.70%,4.65,4.72,0.2
Ryan Gusto,RP,HOU,28,7.2,3.1,1.4,0.293,70.70%,4.65,4.72,0
Gunnar Hoglund,SP,ATH,55,6.5,2.8,1.3,0.287,70.60%,4.53,4.72,0.2
Gunnar Hoglund,RP,ATH,17,6.5,2.8,1.3,0.287,70.60%,4.53,4.72,0
Carson Palmquist,SP,COL,9,8.8,3.8,1.5,0.297,71.80%,4.72,4.73,0.1
Carson Palmquist,RP,COL,21,8.8,3.8,1.5,0.297,71.80%,4.72,4.73,0
Sam Aldegheri,SP,LAA,18,8.3,4,1.3,0.292,72.50%,4.54,4.73,0.2
Sam Aldegheri,RP,LAA,14,8.3,4,1.3,0.292,72.50%,4.54,4.73,0
George Klassen,SP,LAA,9,8.2,4.1,1.3,0.298,71.50%,4.68,4.73,0.1
Anthony Molina,RP,COL,28,6.6,2.8,1.4,0.313,69.30%,4.98,4.73,0
Jack Kochanowicz,SP,LAA,153,5.2,2.5,1.2,0.308,69.30%,4.66,4.73,1.2
Jack Kochanowicz,RP,LAA,10,5.2,2.5,1.2,0.308,69.30%,4.66,4.73,0
Carlos Rodriguez,SP,MIL,18,8.1,3.4,1.4,0.283,72.20%,4.51,4.74,0.1
Carlos Rodriguez,RP,MIL,12,8.1,3.4,1.4,0.283,72.20%,4.51,4.74,0
Tony Gonsolin,SP,LAD,135,7.9,3.1,1.5,0.293,71.00%,4.73,4.74,0.9
Tony Gonsolin,RP,LAD,10,7.9,3.1,1.5,0.293,71.00%,4.73,4.74,0
Ryan Cusick,RP,ATH,12,7.6,4.6,1.1,0.289,72.10%,4.45,4.74,0
Owen White,SP,TEX,9,6.9,3.3,1.3,0.295,71.00%,4.59,4.74,0
Owen White,RP,TEX,37,6.9,3.3,1.3,0.295,71.00%,4.59,4.74,-0.1
Doug Nikhazy,SP,CLE,28,8.1,4.3,1.3,0.29,72.50%,4.52,4.75,0.1
Doug Nikhazy,RP,CLE,22,8.1,4.3,1.3,0.29,72.50%,4.52,4.75,0
Thaddeus Ward,RP,BAL,30,7.4,4.5,1.1,0.297,72.10%,4.45,4.75,-0.1
Michael Lorenzen,SP,FA,153,7.2,3.7,1.3,0.297,70.90%,4.69,4.75,1
Ben Lively,SP,CLE,166,7.1,2.8,1.4,0.299,70.20%,4.81,4.75,0.8
Adam Cimber,RP,FA,33,6.4,3.1,1.2,0.299,69.90%,4.65,4.75,-0.2
Robby Ahlstrom,RP,TEX,26,7.8,4.1,1.3,0.291,72.60%,4.49,4.76,0
Victor Mederos,RP,LAA,38,7.2,3.8,1.2,0.299,71.20%,4.6,4.76,-0.1
Tanner Dodson,RP,ATH,28,6.5,5,0.8,0.301,71.90%,4.39,4.76,-0.1
Antonio Senzatela,SP,COL,115,5.8,2.4,1.3,0.318,68.10%,5.11,4.76,1.2
Antonio Senzatela,RP,COL,15,5.8,2.4,1.3,0.318,68.10%,5.11,4.76,0
Andrew Abbott,SP,CIN,169,8.7,3.3,1.6,0.294,72.30%,4.75,4.77,1.8
Emiliano Teodo,SP,TEX,18,8.1,4.6,1.2,0.295,71.70%,4.6,4.77,0.1
Jake Eder,SP,CHW,9,7.7,4,1.3,0.291,72.70%,4.45,4.77,0.1
Jake Eder,RP,CHW,26,7.7,4,1.3,0.291,72.70%,4.45,4.77,0
Zach Messinger,RP,NYY,17,7.6,3.3,1.4,0.286,71.90%,4.54,4.77,0
Ryan Bergert,SP,SDP,9,7.4,3.3,1.4,0.287,71.70%,4.57,4.78,0
Ryan Bergert,RP,SDP,17,7.4,3.3,1.4,0.287,71.70%,4.57,4.78,0
Joey Lucchesi,SP,FA,64,5.8,3.6,1.1,0.301,70.80%,4.61,4.78,0.3
Sean Burke,SP,CHW,129,8.3,4,1.4,0.288,72.10%,4.62,4.79,1.1
Sean Burke,RP,CHW,12,8.3,4,1.4,0.288,72.10%,4.62,4.79,0
Dane Acker,SP,TEX,9,7.8,3.7,1.4,0.287,71.80%,4.6,4.79,0.1
Dane Acker,RP,TEX,21,7.8,3.7,1.4,0.287,71.80%,4.6,4.79,0
Justin Jarvis,RP,LAD,17,7.7,3.1,1.5,0.287,72.00%,4.62,4.79,0
Hunter Strickland,RP,FA,44,7.7,3.7,1.4,0.288,71.10%,4.69,4.79,-0.1
Richard Fitts,SP,BOS,128,6.4,2.7,1.4,0.3,69.40%,4.87,4.79,0.6
Richard Fitts,RP,BOS,12,6.4,2.7,1.4,0.3,69.40%,4.87,4.79,0
Ross Stripling,SP,FA,114,6,2.3,1.5,0.298,69.90%,4.8,4.79,0.6
Michael Arias,RP,CHC,22,8.3,5.2,1.1,0.295,72.40%,4.56,4.8,0
Isaac Coffey,SP,BOS,9,7.8,3.6,1.3,0.296,69.30%,4.84,4.8,0.1
Zach Agnos,RP,COL,22,7.8,3.3,1.5,0.306,70.00%,4.99,4.8,0
Alan Busenitz,RP,CIN,17,7.3,3.2,1.4,0.298,71.30%,4.72,4.8,0
Hyun-il Choi,RP,LAD,15,7.1,2.7,1.5,0.289,71.10%,4.62,4.8,0
Valente Bellozo,SP,MIA,18,6.9,2.8,1.5,0.293,70.70%,4.75,4.8,0.1
Valente Bellozo,RP,MIA,34,6.9,2.8,1.5,0.293,70.70%,4.75,4.8,0
Tyler Zuber,RP,NYM,44,8.1,3.9,1.4,0.285,72.00%,4.64,4.81,-0.1
Trace Bright,SP,BAL,9,7.9,4.2,1.3,0.291,71.70%,4.63,4.81,0
Trace Bright,RP,BAL,15,7.9,4.2,1.3,0.291,71.70%,4.63,4.81,0
Sam Benschoter,RP,CIN,12,7.8,3.4,1.4,0.298,71.20%,4.74,4.81,0
Tyler Baum,RP,ATH,30,7.7,5,1,0.29,72.10%,4.46,4.81,-0.1
Kyle Freeland,SP,COL,144,6.7,2.4,1.5,0.313,68.80%,5.14,4.81,1.2
Mike Vasil,SP,NYM,9,6.5,3,1.3,0.29,70.60%,4.61,4.81,0
Eddy Yean,RP,PIT,26,6.4,3.8,1.1,0.302,70.20%,4.76,4.81,0
Luis Patiño,RP,SDP,33,7.8,3.7,1.4,0.286,72.50%,4.55,4.82,-0.1
Connor Gillispie,SP,CLE,18,7.6,3.2,1.5,0.285,71.20%,4.67,4.82,0.1
Aaron Davenport,RP,CLE,10,7.6,3.5,1.4,0.289,71.40%,4.7,4.82,0
Connor Gillispie,RP,CLE,37,7.6,3.2,1.5,0.285,71.20%,4.67,4.82,-0.1
Griff McGarry,RP,PHI,24,9,5.4,1.2,0.29,72.90%,4.55,4.83,0
Omar Cruz,SP,SDP,65,7.8,4.1,1.3,0.288,72.30%,4.5,4.83,0.3
Omar Cruz,RP,SDP,24,7.8,4.1,1.3,0.288,72.30%,4.5,4.83,0
Tanner Gordon,SP,COL,9,6.6,2.2,1.6,0.307,69.10%,5.05,4.83,0.1
Tanner Gordon,RP,COL,17,6.6,2.2,1.6,0.307,69.10%,5.05,4.83,0
Andrew Bash,SP,TOR,9,7.1,3.4,1.3,0.289,70.70%,4.68,4.84,0
Andrew Bash,RP,TOR,17,7.1,3.4,1.3,0.289,70.70%,4.68,4.84,0
Andrew Moore,RP,CIN,33,9.2,5.2,1.3,0.3,72.30%,4.74,4.85,0
Cody Stashak,RP,PHI,10,7.6,3.2,1.5,0.283,71.80%,4.63,4.85,0
Houston Roth,RP,BAL,17,7.5,3.9,1.3,0.29,71.70%,4.65,4.85,0
Xzavion Curry,SP,MIA,9,6.9,2.7,1.5,0.292,70.20%,4.87,4.85,0.1
Xzavion Curry,RP,MIA,48,6.9,2.7,1.5,0.292,70.20%,4.87,4.85,-0.1
Chase Solesky,RP,WSH,26,5.8,2.8,1.3,0.294,70.40%,4.69,4.85,0
Fineas Del Bonta-Smith,RP,PIT,12,7,3.7,1.3,0.298,70.30%,4.86,4.86,0
Jonathan Cannon,SP,CHW,153,6.8,3.2,1.4,0.295,71.00%,4.71,4.86,1.1
Jonathan Cannon,RP,CHW,10,6.8,3.2,1.4,0.295,71.00%,4.71,4.86,0
Will Mabrey,RP,ARI,18,7.3,4.4,1.2,0.299,71.30%,4.77,4.87,0
Tyler Anderson,SP,LAA,193,7.1,3.3,1.4,0.291,71.20%,4.75,4.87,1.3
Ronan Kopp,RP,LAD,13,9.4,5.6,1.2,0.287,74.10%,4.47,4.88,0
Frankie Scalzo Jr.,RP,CHC,12,6.9,3.9,1.3,0.296,71.00%,4.73,4.88,0
Cal Quantrill,SP,COL,80,6.8,3.1,1.4,0.312,68.30%,5.19,4.88,0.6
Cal Quantrill,RP,COL,46,6.8,3.1,1.4,0.312,68.30%,5.19,4.88,0
Ben Casparius,SP,LAD,28,8.4,3.9,1.5,0.285,72.10%,4.71,4.89,0.1
Ben Casparius,RP,LAD,46,8.4,3.9,1.5,0.285,72.10%,4.71,4.89,-0.1
Orlando Ribalta,RP,WSH,41,8.1,4.4,1.3,0.283,72.30%,4.62,4.89,0
Casey Legumina,RP,CIN,48,7.5,3.3,1.5,0.3,70.90%,4.88,4.89,-0.1
Marquis Grissom Jr.,RP,WSH,10,7.1,3.6,1.4,0.289,71.20%,4.7,4.89,0
Randy Vásquez,SP,SDP,140,6.7,3.1,1.4,0.293,70.10%,4.76,4.89,0.9
Kyle Hendricks,SP,LAA,123,6.3,2.6,1.5,0.299,70.00%,4.88,4.89,0.9
Guillo Zuñiga,RP,LAA,26,7.8,3.9,1.4,0.295,71.50%,4.79,4.9,0
Ryan Rolison,RP,COL,8,6.6,3.5,1.3,0.311,70.00%,5.02,4.9,0
Noah Syndergaard,SP,FA,72,6,2.2,1.5,0.297,67.40%,5.1,4.9,0.3
Antoine Kelly,RP,COL,10,8,4.9,1.2,0.311,71.10%,4.91,4.91,0
Chase Dollander,SP,COL,46,7.9,3.6,1.5,0.305,69.30%,5.11,4.91,0.3
Johnathan Lavallee,RP,TOR,12,7.8,4.9,1.2,0.293,71.90%,4.7,4.91,0
Adisyn Coffey,RP,CHW,32,7.4,4,1.3,0.293,71.90%,4.7,4.91,0
Nick Dombkowski,RP,PIT,19,6.6,3.5,1.3,0.292,71.20%,4.74,4.91,0
Triston McKenzie,SP,CLE,106,8.4,3.9,1.5,0.29,71.30%,4.9,4.92,0.3
Triston McKenzie,RP,CLE,12,8.4,3.9,1.5,0.29,71.30%,4.9,4.92,0
Brendan Cellucci,RP,BOS,14,8,5.3,1.1,0.301,71.80%,4.74,4.92,0
Jacob Wallace,RP,KCR,26,8,4.9,1.2,0.295,71.10%,4.84,4.92,-0.1
Jackson Rutledge,SP,WSH,64,7.2,3.8,1.3,0.291,70.60%,4.74,4.92,0.2
Jackson Rutledge,RP,WSH,21,7.2,3.8,1.3,0.291,70.60%,4.74,4.92,0
Emerson Hancock,SP,SEA,36,6.5,2.8,1.5,0.286,70.90%,4.69,4.92,0.1
Emerson Hancock,RP,SEA,15,6.5,2.8,1.5,0.286,70.90%,4.69,4.92,0
Andre Granillo,RP,STL,15,8.1,4.6,1.3,0.286,72.20%,4.7,4.93,0
Juan Mejia,RP,COL,12,7.7,4.6,1.2,0.314,69.80%,5.08,4.93,0
Drew Thorpe,SP,CHW,108,7,3.3,1.5,0.289,71.10%,4.77,4.93,0.8
Jake Bloss,SP,TOR,81,7,3.3,1.5,0.291,70.10%,4.89,4.93,0.4
Brandon Dufault,RP,LAA,18,7.7,4.6,1.2,0.299,71.40%,4.81,4.95,0
Ky Bush,SP,CHW,18,6.9,3.9,1.3,0.292,72.10%,4.63,4.95,0.1
Total,RP,CHW,553,8.2,4,1.3,0.29,72.80%,4.44,4.67,-0.1
Ky Bush,RP,CHW,22,6.9,3.9,1.3,0.292,72.10%,4.63,4.95,0
Tyler Burch,RP,BAL,24,6.6,3.5,1.3,0.294,70.80%,4.8,4.96,-0.1
Kyle Hart,SP,FA,139,6.2,3.1,1.4,0.293,70.60%,4.79,4.97,0.4
Anthony Hoopii-Tuionetoa,RP,CHW,37,7.6,3.9,1.4,0.288,71.90%,4.77,4.99,-0.1
Alaska Abney,RP,CLE,24,7.3,4.3,1.3,0.296,70.70%,4.86,4.99,-0.1
Austin Gomber,SP,COL,166,6.5,2.5,1.6,0.311,68.80%,5.29,4.99,0.9
Chris Flexen,SP,FA,103,6.6,3.2,1.5,0.294,70.50%,4.95,5,0.5
Taijuan Walker,SP,PHI,71,6.5,3.1,1.5,0.292,71.10%,4.79,5,0.5
Taijuan Walker,RP,PHI,33,6.5,3.1,1.5,0.292,71.10%,4.79,5,0
Tanner Rainey,RP,WSH,60,8.1,4.2,1.5,0.281,71.90%,4.77,5.03,-0.3
Carlos Tavera,RP,BAL,10,7.6,4.3,1.4,0.286,71.90%,4.79,5.05,0
Brent Honeywell,RP,LAD,59,6.6,3.4,1.4,0.296,70.40%,4.92,5.05,-0.3
Caden Dana,SP,LAA,117,7.5,3.4,1.6,0.29,70.60%,4.96,5.06,0.4
Michael Mercado,SP,PHI,9,7.7,3.8,1.5,0.285,71.50%,4.85,5.07,0
Michael Mercado,RP,PHI,30,7.7,3.8,1.5,0.285,71.50%,4.85,5.07,-0.1
Bradley Blalock,SP,COL,9,6.8,3.4,1.5,0.307,69.00%,5.28,5.07,0
Bradley Blalock,RP,COL,24,6.8,3.4,1.5,0.307,69.00%,5.28,5.07,0
Joey Estes,SP,ATH,149,6.6,2.5,1.6,0.279,69.90%,4.86,5.07,0.4
Bryse Wilson,SP,FA,62,6.5,3,1.5,0.297,69.50%,5.08,5.07,0.2
Wander Guante,RP,ATH,22,5.9,3.9,1.3,0.29,70.40%,4.84,5.11,-0.1
Dom Hamel,SP,NYM,18,7.2,3.9,1.5,0.286,70.90%,4.93,5.12,0
Jack Noble,RP,MIN,24,7.2,4.3,1.3,0.297,70.00%,5.09,5.12,-0.1
Evan Justice,RP,COL,34,8.4,5.5,1.3,0.309,71.00%,5.14,5.13,-0.1
Evan Kravetz,RP,CIN,21,7.7,4.1,1.5,0.294,71.90%,4.93,5.13,0
Grant Kipp,RP,CHC,17,6.6,4.4,1.2,0.298,70.50%,4.97,5.14,-0.1
Jackson Ferris,SP,LAD,18,7.2,4.3,1.4,0.293,71.50%,4.88,5.16,0
Kenyon Yovan,RP,LAA,24,7.1,3.9,1.5,0.293,70.70%,5.04,5.17,-0.1
J.C. Flowers,RP,PIT,24,6.4,5.1,1.1,0.303,70.20%,5.05,5.17,-0.1
Cole Henry,SP,WSH,18,7,3.9,1.5,0.289,70.10%,5.06,5.19,0
Steven Wilson,RP,CHW,61,8.5,4.4,1.6,0.278,72.30%,4.92,5.2,-0.3
Chase Petty,SP,CIN,65,6.6,3.6,1.5,0.301,69.80%,5.16,5.21,0.3
Seth Johnson,SP,PHI,9,7,4.1,1.5,0.29,70.70%,5.05,5.23,0
Seth Johnson,RP,PHI,12,7,4.1,1.5,0.29,70.70%,5.05,5.23,0
Devereaux Harrison,SP,TOR,9,6.5,3.4,1.6,0.284,70.50%,5.02,5.23,0
Devereaux Harrison,RP,TOR,10,6.5,3.4,1.6,0.284,70.50%,5.02,5.23,0
Luis Mey,RP,CIN,32,7.8,5.7,1.3,0.305,71.00%,5.18,5.31,-0.1
Garrett McMillan,RP,PIT,17,6.5,4.7,1.3,0.297,69.80%,5.31,5.35,-0.1
Nick Nastrini,SP,CHW,79,7.6,4.7,1.6,0.283,70.60%,5.27,5.47,0.2
Nick Nastrini,RP,CHW,21,7.6,4.7,1.6,0.283,70.60%,5.27,5.47,-0.1
Andrew Dalquist,RP,CHW,17,7.2,5,1.5,0.289,70.90%,5.31,5.56,-0.1