Name,IP,K/9,BB/9,HR/9,BABIP,LOB%,ERA,FIP,WAR,Team,Pos
Jack Flaherty,170.0,9.6,2.9,1.2,.296,73.6%,3.84,3.84,2.6,FA,SP
Nick Pivetta,162.0,10.2,2.8,1.3,.290,73.8%,3.93,3.86,2.5,FA,SP
Max Scherzer,137.0,9.4,2.3,1.4,.285,73.2%,3.97,3.98,2.2,FA,SP
Clayton Kershaw,125.0,8.3,2.5,1.1,.296,73.6%,3.72,3.82,2.1,FA,SP
Kyle Gibson,166.0,7.6,3.1,1.2,.301,72.0%,4.26,4.30,1.7,FA,SP
Lance Lynn,153.0,8.4,2.9,1.4,.291,71.8%,4.38,4.39,1.7,FA,SP
Charlie Morton,154.0,9.0,3.6,1.1,.298,72.3%,4.13,4.19,1.6,FA,SP
Andrew Heaney,158.0,8.5,2.8,1.3,.292,72.1%,4.25,4.31,1.6,FA,SP
Justin Verlander,139.0,7.6,2.4,1.4,.286,71.2%,4.43,4.49,1.5,FA,SP
Jose Quintana,171.0,7.2,3.3,1.1,.300,71.6%,4.34,4.41,1.4,FA,SP
Spencer Turnbull,107.0,8.0,3.1,1.1,.301,71.0%,4.22,4.17,1.1,FA,SP
Patrick Corbin,135.0,6.8,2.7,1.3,.301,71.2%,4.52,4.55,1.0,FA,SP
Michael Lorenzen,144.0,7.2,3.7,1.3,.296,71.0%,4.68,4.75,1.0,FA,SP
Colin Rea,135.0,7.1,2.6,1.4,.296,70.0%,4.71,4.65,0.9,FA,SP
Martín Pérez,135.0,6.8,3.2,1.2,.301,71.3%,4.50,4.57,0.9,FA,SP
Jakob Junis,97.0,7.5,2.4,1.3,.297,70.9%,4.41,4.37,0.9,FA,SP
Anthony DeSclafani,99.0,7.0,2.3,1.4,.297,70.7%,4.49,4.47,0.8,FA,SP
Alex Wood,111.0,7.2,3.2,1.2,.299,70.9%,4.54,4.64,0.7,FA,SP
Cal Quantrill,133.0,6.8,3.3,1.3,.297,69.8%,4.78,4.79,0.7,FA,SP
Ross Stripling,114.0,6.0,2.3,1.5,.298,70.0%,4.78,4.79,0.6,FA,SP
Chris Flexen,103.0,6.6,3.2,1.5,.293,70.5%,4.94,5.00,0.5,FA,SP
Kyle Hart,139.0,6.2,3.1,1.4,.292,70.6%,4.78,4.97,0.4,FA,SP
Noah Syndergaard,72.0,6.0,2.2,1.5,.297,67.4%,5.09,4.90,0.3,FA,SP
Tyler Alexander,80.0,6.5,2.5,1.7,.291,70.3%,4.97,5.04,0.3,FA,SP
Joey Lucchesi,64.0,5.8,3.6,1.1,.301,70.8%,4.60,4.78,0.3,FA,SP
Total,3201.0,7.7,2.9,1.3,.296,71.4%,4.40,4.44,29.5,FA,SP
Tanner Scott,72.0,11.2,4.0,0.7,.296,76.9%,3.04,3.24,1.0,FA,RP
Jeff Hoffman,68.0,10.9,3.1,1.0,.289,75.6%,3.30,3.32,1.0,FA,RP
David Robertson,65.0,11.1,3.5,0.9,.293,75.7%,3.27,3.30,0.8,FA,RP
Chris Martin,54.0,9.2,1.8,0.9,.299,74.2%,3.28,3.22,0.7,FA,RP
Joe Kelly,43.0,10.7,4.0,0.7,.302,75.6%,3.22,3.34,0.5,FA,RP
Kirby Yates,61.0,11.0,4.2,1.0,.291,75.1%,3.57,3.66,0.5,FA,RP
Kenley Jansen,60.0,10.3,3.4,1.2,.281,73.8%,3.82,3.82,0.5,FA,RP
A.J. Minter,42.0,10.0,3.1,1.0,.289,75.4%,3.44,3.56,0.5,FA,RP
Caleb Ferguson,53.0,9.7,3.7,0.9,.298,74.9%,3.47,3.65,0.4,FA,RP
Craig Kimbrel,56.0,10.7,4.0,1.1,.288,74.0%,3.79,3.82,0.4,FA,RP
Andrew Kittredge,70.0,8.4,2.6,1.1,.299,72.9%,3.84,3.85,0.4,FA,RP
Luis García,58.0,8.2,2.8,0.9,.303,72.1%,3.78,3.77,0.4,FA,RP
José Leclerc,64.0,10.2,3.9,1.1,.282,74.3%,3.83,3.96,0.4,FA,RP
Jalen Beeks,52.0,8.6,3.3,1.0,.296,73.9%,3.77,3.94,0.4,FA,RP
Carlos Estévez,64.0,9.2,3.1,1.2,.288,73.5%,3.98,4.04,0.3,FA,RP
Danny Coulombe,52.0,9.2,2.9,1.1,.294,74.5%,3.64,3.74,0.3,FA,RP
Kyle Finnegan,65.0,9.0,3.3,1.0,.298,73.3%,3.83,3.84,0.3,FA,RP
Drew Smyly,55.0,8.9,2.8,1.3,.289,74.0%,3.95,4.10,0.3,FA,RP
Paul Sewald,60.0,9.6,3.1,1.3,.283,73.5%,4.08,4.16,0.3,FA,RP
John Brebbia,49.0,9.5,3.0,1.3,.289,73.7%,3.96,3.98,0.3,FA,RP
Adam Ottavino,49.0,9.0,3.6,1.0,.298,70.9%,4.16,4.04,0.2,FA,RP
Tommy Kahnle,57.0,9.2,3.9,0.9,.299,73.8%,3.78,3.89,0.2,FA,RP
Andrew Chafin,54.0,9.8,4.0,1.0,.295,74.7%,3.79,3.91,0.2,FA,RP
Scott Barlow,62.0,9.3,3.8,1.0,.297,73.3%,3.92,3.97,0.2,FA,RP
Scott Alexander,47.0,7.3,3.0,0.8,.307,73.0%,3.74,3.89,0.2,FA,RP
Ryne Stanek,55.0,10.0,3.8,1.2,.286,74.3%,3.88,4.00,0.2,FA,RP
Jorge López,56.0,8.1,3.2,1.0,.303,72.4%,4.00,4.09,0.2,FA,RP
Luke Jackson,42.0,9.3,3.9,1.0,.300,73.4%,3.85,3.91,0.2,FA,RP
Ryan Borucki,50.0,8.8,3.3,1.0,.296,73.5%,3.79,3.95,0.2,FA,RP
Trey Wingenter,36.0,9.3,3.6,1.0,.297,73.4%,3.85,3.91,0.1,FA,RP
Kendall Graveman,56.0,8.7,3.8,1.0,.299,72.7%,4.04,4.13,0.1,FA,RP
Phil Maton,65.0,8.2,3.4,1.2,.293,71.9%,4.23,4.37,0.1,FA,RP
Héctor Neris,62.0,9.4,3.7,1.2,.290,73.3%,4.05,4.13,0.1,FA,RP
JT Chargois,51.0,8.3,3.5,1.1,.297,72.4%,4.13,4.21,0.1,FA,RP
Brooks Raley,29.0,8.8,3.5,1.1,.293,73.4%,3.95,4.11,0.1,FA,RP
José Cisnero,32.0,9.1,3.9,1.1,.294,73.3%,4.00,4.13,0.1,FA,RP
James Karinchak,39.0,10.6,4.6,1.2,.284,73.8%,4.10,4.16,0.1,FA,RP
Tim Mayza,46.0,7.3,3.1,1.0,.305,72.6%,3.99,4.09,0.1,FA,RP
Lou Trivino,40.0,8.3,3.7,1.1,.297,72.5%,4.11,4.21,0.1,FA,RP
Keynan Middleton,18.0,9.2,3.8,1.1,.294,73.2%,4.02,4.10,0.1,FA,RP
Joely Rodríguez,35.0,7.6,3.5,0.9,.303,73.0%,3.93,4.12,0.0,FA,RP
Dillon Tate,41.0,6.8,3.0,1.0,.303,71.0%,4.24,4.32,0.0,FA,RP
Sean Newcomb,35.0,8.9,4.6,1.1,.293,73.6%,4.17,4.43,0.0,FA,RP
Burch Smith,30.0,7.6,2.7,1.2,.296,71.6%,4.24,4.24,0.0,FA,RP
Jake Diekman,38.0,10.2,5.0,1.0,.293,74.8%,3.89,4.18,0.0,FA,RP
Josh Staumont,37.0,8.9,4.3,1.1,.291,72.9%,4.26,4.39,0.0,FA,RP
Jesse Chavez,40.0,8.1,3.0,1.2,.297,72.5%,4.16,4.18,0.0,FA,RP
Austin Voth,52.0,8.5,3.1,1.3,.291,73.2%,4.20,4.33,0.0,FA,RP
Matt Moore,50.0,8.6,4.0,1.3,.288,73.8%,4.24,4.51,0.0,FA,RP
Shintaro Fujinami,30.0,9.5,4.4,1.1,.290,73.3%,4.13,4.29,0.0,FA,RP
Drew Smith,12.0,9.0,3.6,1.3,.286,73.4%,4.27,4.43,0.0,FA,RP
Dylan Floro,64.0,6.9,2.9,1.1,.303,71.2%,4.27,4.24,0.0,FA,RP
Trevor Gott,24.0,8.1,3.0,1.2,.294,71.8%,4.27,4.31,0.0,FA,RP
Shelby Miller,50.0,8.7,3.3,1.2,.292,72.0%,4.28,4.30,0.0,FA,RP
Buck Farmer,52.0,8.5,3.7,1.3,.289,72.0%,4.39,4.49,0.0,FA,RP
Jay Jackson,28.0,8.5,3.0,1.3,.289,72.6%,4.22,4.28,0.0,FA,RP
Scott McGough,35.0,8.5,3.8,1.2,.295,73.1%,4.18,4.33,0.0,FA,RP
Diego Castillo,32.0,7.8,4.2,1.1,.298,71.9%,4.41,4.57,0.0,FA,RP
Trevor Richards,50.0,9.4,4.1,1.3,.288,73.6%,4.28,4.40,0.0,FA,RP
Jacob Barnes,48.0,7.7,3.1,1.2,.296,71.9%,4.35,4.40,0.0,FA,RP
Matt Barnes,33.0,7.6,3.7,1.2,.296,70.9%,4.61,4.62,0.0,FA,RP
Lucas Sims,55.0,9.5,4.5,1.3,.284,73.0%,4.41,4.59,0.0,FA,RP
Ryan Yarbrough,45.0,6.7,2.4,1.3,.291,71.4%,4.32,4.54,0.0,FA,RP
Colin Poche,55.0,8.3,3.5,1.3,.287,72.9%,4.33,4.49,-0.1,FA,RP
Tim Hill,67.0,5.3,3.0,0.8,.310,71.4%,4.13,4.34,-0.1,FA,RP
Tyler Matzek,36.0,8.8,4.2,1.2,.291,73.5%,4.24,4.44,-0.1,FA,RP
Will Smith,40.0,8.0,3.5,1.4,.289,72.2%,4.56,4.71,-0.1,FA,RP
Hunter Strickland,44.0,7.6,3.7,1.4,.288,71.1%,4.68,4.79,-0.1,FA,RP
Daniel Bard,40.0,8.5,4.8,1.1,.293,72.3%,4.47,4.67,-0.2,FA,RP
Adam Cimber,33.0,6.4,3.1,1.2,.299,70.0%,4.63,4.75,-0.2,FA,RP
Yusei Kikuchi,176.0,10.0,2.8,1.2,.295,74.7%,3.74,3.78,3.1,LAA,SP
Tyler Anderson,171.0,7.1,3.3,1.4,.289,71.3%,4.72,4.87,1.1,LAA,SP
José Soriano,148.0,8.8,3.8,0.9,.307,72.9%,3.89,3.99,2.1,LAA,SP
Kyle Hendricks,132.0,6.3,2.6,1.5,.298,70.1%,4.85,4.89,0.9,LAA,SP
Reid Detmers,97.0,10.0,3.1,1.2,.290,74.0%,3.85,3.90,1.6,LAA,SP
Jack Kochanowicz,84.0,5.3,2.4,1.1,.306,69.7%,4.55,4.65,0.7,LAA,SP
Caden Dana,72.0,7.5,3.4,1.6,.289,70.8%,4.93,5.06,0.3,LAA,SP
Sam Aldegheri,18.0,7.7,4.1,1.4,.291,71.7%,4.82,5.03,0.1,LAA,SP
Chase Silseth,9.0,8.9,3.3,1.1,.297,73.3%,3.97,4.06,0.1,LAA,SP
José Suarez,9.0,8.8,3.1,1.2,.291,74.4%,3.93,4.17,0.1,LAA,SP
Total,916.0,8.0,3.1,1.3,.296,72.1%,4.31,4.40,10.2,LAA,SP
Ben Joyce,64.0,11.3,4.2,0.9,.295,75.8%,3.34,3.49,1.0,LAA,RP
Brock Burke,67.0,9.0,3.3,1.2,.292,74.2%,3.95,4.13,0.5,LAA,RP
Ryan Zeferjahn,65.0,8.8,4.2,1.3,.289,72.4%,4.49,4.70,-0.1,LAA,RP
José Quijada,63.0,10.5,4.6,1.2,.288,75.1%,3.96,4.19,0.2,LAA,RP
Hans Crouse,68.0,10.2,4.4,1.3,.288,74.0%,4.21,4.33,0.2,LAA,RP
José Suarez,57.0,8.8,3.1,1.2,.291,74.4%,3.93,4.17,0.1,LAA,RP
Chase Silseth,55.0,8.9,3.3,1.1,.297,73.3%,3.97,4.06,0.1,LAA,RP
Garrett McDaniels,50.0,7.6,3.9,1.0,.303,73.2%,4.12,4.36,0.0,LAA,RP
Sam Bachman,47.0,7.5,3.8,1.1,.300,71.9%,4.40,4.55,0.0,LAA,RP
Robert Stephenson,44.0,10.3,3.1,1.3,.288,74.6%,3.89,3.91,0.1,LAA,RP
Jack Dashwood,42.0,8.3,3.5,1.4,.289,73.3%,4.35,4.58,0.0,LAA,RP
Kelvin Caceres,38.0,9.3,4.6,1.1,.297,73.3%,4.16,4.34,0.0,LAA,RP
Victor Mederos,36.0,7.2,3.8,1.2,.298,71.3%,4.57,4.75,0.0,LAA,RP
Michael Darrell-Hicks,32.0,7.6,3.0,1.3,.298,71.4%,4.38,4.47,0.0,LAA,RP
Dakota Hudson,26.0,6.5,3.2,1.1,.307,71.0%,4.45,4.52,0.0,LAA,RP
Kenyon Yovan,24.0,7.1,3.9,1.5,.292,70.8%,5.01,5.17,-0.1,LAA,RP
Reid Detmers,22.0,10.0,3.1,1.2,.290,74.0%,3.85,3.90,0.0,LAA,RP
Jack Kochanowicz,21.0,5.3,2.4,1.1,.306,69.7%,4.55,4.65,0.0,LAA,RP
Camden Minacci,18.0,8.4,3.9,1.2,.297,72.5%,4.34,4.46,0.0,LAA,RP
Hayden Seig,14.0,6.7,3.3,1.1,.304,71.3%,4.44,4.55,0.0,LAA,RP
Brett Kerry,10.0,7.5,2.2,1.5,.288,72.1%,4.40,4.52,0.0,LAA,RP
Total,542.0,8.8,3.7,1.2,.294,73.3%,4.15,4.30,1.9,LAA,RP
Zach Eflin,186.0,7.6,1.6,1.3,.296,72.7%,3.88,3.93,2.8,BAL,SP
Grayson Rodriguez,172.0,9.6,2.9,1.1,.293,74.5%,3.66,3.75,2.7,BAL,SP
Dean Kremer,165.0,7.9,3.0,1.4,.292,72.2%,4.42,4.53,1.3,BAL,SP
Cade Povich,116.0,8.2,3.3,1.3,.288,73.3%,4.18,4.42,1.1,BAL,SP
Trevor Rogers,104.0,7.5,3.3,1.2,.296,72.2%,4.29,4.45,0.8,BAL,SP
Albert Suárez,80.0,8.1,2.6,1.4,.290,72.4%,4.28,4.35,0.8,BAL,SP
Chayce McDermott,55.0,9.5,4.1,1.2,.286,73.8%,4.11,4.31,0.5,BAL,SP
Brandon Young,18.0,8.3,2.6,1.3,.290,72.9%,4.09,4.19,0.2,BAL,SP
Alex Pham,18.0,7.8,3.5,1.4,.289,72.2%,4.52,4.68,0.1,BAL,SP
Trace Bright,9.0,7.8,4.2,1.3,.292,71.5%,4.73,4.92,0.0,BAL,SP
Total,923.0,8.3,2.8,1.3,.292,73.0%,4.09,4.21,10.1,BAL,SP
Félix Bautista,63.0,13.1,3.4,0.8,.285,78.5%,2.74,2.72,1.7,BAL,RP
Seranthony Domínguez,62.0,10.0,3.2,1.1,.290,74.3%,3.69,3.76,0.7,BAL,RP
Yennier Cano,66.0,8.9,3.2,0.8,.304,74.4%,3.37,3.49,0.6,BAL,RP
Keegan Akin,72.0,10.0,2.6,1.1,.287,76.8%,3.35,3.56,0.7,BAL,RP
Gregory Soto,61.0,10.2,3.8,0.9,.297,75.6%,3.36,3.57,0.4,BAL,RP
Cionel Pérez,59.0,8.3,4.0,0.9,.300,74.1%,3.74,4.03,0.1,BAL,RP
Bryan Baker,56.0,9.3,3.7,1.2,.288,74.1%,3.97,4.13,0.0,BAL,RP
Colin Selby,54.0,9.4,4.0,0.9,.298,74.5%,3.69,3.88,0.1,BAL,RP
Albert Suárez,48.0,8.1,2.6,1.4,.290,72.4%,4.28,4.35,0.0,BAL,RP
Kade Strowd,42.0,8.2,4.0,1.0,.300,72.9%,4.15,4.32,0.0,BAL,RP
Chayce McDermott,36.0,9.5,4.1,1.2,.286,73.8%,4.11,4.31,0.0,BAL,RP
Thaddeus Ward,32.0,7.5,4.5,1.1,.297,72.1%,4.50,4.81,-0.1,BAL,RP
Alex Pham,30.0,7.8,3.5,1.4,.289,72.2%,4.52,4.68,0.0,BAL,RP
Brandon Young,28.0,8.3,2.6,1.3,.290,72.9%,4.09,4.19,0.0,BAL,RP
Trevor Rogers,26.0,7.5,3.3,1.2,.296,72.2%,4.29,4.45,0.0,BAL,RP
Matt Bowman,24.0,7.6,3.5,1.2,.299,72.1%,4.31,4.43,0.0,BAL,RP
Cade Povich,22.0,8.2,3.3,1.3,.288,73.3%,4.18,4.42,0.0,BAL,RP
Kyle Brnovich,21.0,7.8,3.2,1.2,.294,72.2%,4.28,4.43,0.0,BAL,RP
Houston Roth,17.0,7.5,3.9,1.4,.290,71.7%,4.72,4.92,0.0,BAL,RP
Keagan Gillies,15.0,7.8,3.9,1.4,.289,72.0%,4.67,4.87,0.0,BAL,RP
Trace Bright,12.0,7.8,4.2,1.3,.292,71.5%,4.73,4.92,0.0,BAL,RP
Cameron Weston,10.0,8.3,2.9,1.1,.296,73.0%,3.91,4.03,0.0,BAL,RP
Total,535.0,9.1,3.5,1.1,.293,74.0%,3.83,3.99,4.0,BAL,RP
Garrett Crochet,170.0,11.7,2.7,0.9,.299,75.6%,3.04,2.87,4.8,BOS,SP
Brayan Bello,167.0,8.2,3.2,1.0,.312,71.3%,4.07,3.90,2.5,BOS,SP
Tanner Houck,169.0,8.0,2.7,0.9,.313,70.9%,3.97,3.79,2.7,BOS,SP
Walker Buehler,140.0,7.6,3.0,1.2,.307,70.0%,4.57,4.35,1.4,BOS,SP
Kutter Crawford,125.0,8.7,2.6,1.4,.293,71.5%,4.38,4.27,1.7,BOS,SP
Lucas Giolito,100.0,9.0,3.1,1.3,.298,71.7%,4.36,4.23,1.2,BOS,SP
Richard Fitts,18.0,7.1,2.4,1.3,.299,70.6%,4.45,4.40,0.2,BOS,SP
Cooper Criswell,9.0,7.1,2.5,1.1,.310,70.1%,4.31,4.16,0.1,BOS,SP
Patrick Sandoval,9.0,9.0,3.4,0.9,.304,73.7%,3.70,3.74,0.1,BOS,SP
Total,908.0,8.9,2.9,1.1,.305,71.8%,4.02,3.85,14.9,BOS,SP
Liam Hendriks,63.0,10.1,2.6,1.1,.296,73.5%,3.70,3.52,1.0,BOS,RP
Aroldis Chapman,65.0,12.8,4.9,0.8,.296,77.6%,3.13,3.26,1.1,BOS,RP
Justin Slaten,66.0,9.3,3.4,1.0,.302,73.0%,3.87,3.79,0.6,BOS,RP
Greg Weissert,62.0,8.6,3.4,1.1,.304,72.0%,4.16,4.08,0.2,BOS,RP
Brennan Bernardino,61.0,9.0,3.5,0.9,.306,73.6%,3.79,3.87,0.3,BOS,RP
Michael Fulmer,60.0,8.8,3.5,1.1,.300,72.1%,4.20,4.16,0.1,BOS,RP
Justin Wilson,57.0,9.3,3.1,1.1,.297,73.7%,3.83,3.84,0.1,BOS,RP
Josh Winckowski,52.0,7.8,2.8,1.0,.309,72.1%,3.94,3.88,0.2,BOS,RP
Garrett Whitlock,50.0,9.2,2.2,1.1,.302,73.2%,3.62,3.48,0.2,BOS,RP
Richard Fitts,44.0,7.1,2.4,1.3,.299,70.6%,4.45,4.40,0.0,BOS,RP
Luis Guerrero,40.0,8.9,4.4,1.2,.297,71.6%,4.53,4.54,0.0,BOS,RP
Quinn Priester,36.0,8.1,2.6,0.9,.311,72.1%,3.77,3.67,0.1,BOS,RP
Zack Kelly,32.0,9.4,4.1,1.0,.303,72.9%,4.05,4.05,0.0,BOS,RP
Zach Penrod,30.0,9.5,4.1,1.0,.300,73.6%,4.01,4.07,0.1,BOS,RP
Austin Adams,28.0,9.7,4.2,1.1,.297,71.1%,4.31,4.29,0.0,BOS,RP
Kutter Crawford,26.0,8.7,2.6,1.4,.293,71.5%,4.38,4.27,0.0,BOS,RP
Cooper Criswell,24.0,7.1,2.5,1.1,.310,70.1%,4.31,4.16,0.0,BOS,RP
Chase Shugart,21.0,7.3,3.4,1.2,.303,70.6%,4.58,4.53,0.0,BOS,RP
Lucas Giolito,18.0,9.0,3.1,1.3,.298,71.7%,4.36,4.23,0.0,BOS,RP
Walker Buehler,14.0,7.6,3.0,1.2,.307,70.0%,4.57,4.35,0.0,BOS,RP
Hunter Dobbins,12.0,7.4,2.9,1.1,.300,71.3%,4.21,4.23,0.0,BOS,RP
Tanner Houck,10.0,8.0,2.7,0.9,.313,70.9%,3.97,3.79,0.0,BOS,RP
Patrick Sandoval,8.0,9.0,3.4,0.9,.304,73.7%,3.70,3.74,0.0,BOS,RP
Total,550.0,9.1,3.3,1.1,.302,72.7%,3.98,3.93,4.1,BOS,RP
Jonathan Cannon,156.0,6.8,3.2,1.4,.295,70.9%,4.75,4.88,1.1,CHW,SP
Davis Martin,141.0,7.7,3.3,1.3,.294,71.6%,4.51,4.64,1.3,CHW,SP
Sean Burke,133.0,8.3,4.0,1.4,.288,72.0%,4.67,4.84,1.1,CHW,SP
Drew Thorpe,117.0,7.0,3.3,1.5,.290,71.0%,4.79,4.94,0.9,CHW,SP
Bryse Wilson,88.0,6.6,3.0,1.6,.294,70.2%,5.08,5.18,0.4,CHW,SP
Nick Nastrini,70.0,7.6,4.7,1.6,.284,70.4%,5.33,5.52,0.1,CHW,SP
Noah Schultz,74.0,8.0,3.2,1.2,.297,72.7%,4.09,4.28,0.9,CHW,SP
Hagen Smith,26.0,8.1,3.4,1.4,.289,69.6%,4.88,4.69,0.2,CHW,SP
Ky Bush,36.0,6.5,4.1,1.4,.293,71.4%,4.87,5.16,0.1,CHW,SP
Jake Eder,28.0,7.3,4.2,1.3,.292,71.8%,4.72,5.01,0.1,CHW,SP
Mason Adams,28.0,6.1,2.8,1.2,.301,70.2%,4.58,4.68,0.2,CHW,SP
Shane Smith,18.0,8.2,3.3,1.2,.294,72.5%,4.16,4.31,0.2,CHW,SP
Total,915.0,7.3,3.5,1.4,.292,71.2%,4.72,4.87,6.8,CHW,SP
Justin Anderson,65.0,9.1,4.0,1.1,.294,73.4%,4.10,4.25,0.3,CHW,RP
Prelander Berroa,67.0,9.4,4.9,1.2,.288,74.2%,4.24,4.54,0.0,CHW,RP
Fraser Ellard,65.0,8.5,4.4,1.1,.296,73.9%,4.10,4.43,0.1,CHW,RP
Gus Varland,62.0,8.1,3.5,1.2,.295,72.5%,4.28,4.44,0.0,CHW,RP
Steven Wilson,61.0,8.5,4.4,1.6,.279,72.3%,4.95,5.22,-0.3,CHW,RP
Jared Shuster,68.0,7.0,3.4,1.3,.290,72.5%,4.47,4.72,0.0,CHW,RP
Jordan Leasure,54.0,8.8,4.2,1.3,.289,73.4%,4.37,4.59,0.0,CHW,RP
Cam Booser,50.0,9.3,3.7,1.3,.289,74.8%,4.01,4.24,0.1,CHW,RP
Shane Smith,48.0,8.2,3.3,1.2,.294,72.5%,4.16,4.31,0.0,CHW,RP
Ron Marinaccio,44.0,8.6,4.3,1.2,.291,72.0%,4.49,4.67,0.0,CHW,RP
Tyler Gilbert,40.0,7.5,2.7,1.3,.293,73.3%,4.15,4.39,0.0,CHW,RP
Penn Murfee,37.0,8.0,3.5,1.4,.292,72.1%,4.61,4.74,0.0,CHW,RP
Jairo Iriarte,32.0,8.2,4.0,1.2,.293,72.1%,4.40,4.62,0.0,CHW,RP
Dan Altavilla,28.0,8.6,3.9,1.2,.294,72.9%,4.30,4.44,0.0,CHW,RP
Anthony Hoopii-Tuionetoa,26.0,7.6,3.9,1.4,.289,71.8%,4.79,5.00,0.0,CHW,RP
Bryse Wilson,24.0,6.6,3.0,1.6,.294,70.2%,5.08,5.18,0.0,CHW,RP
Adisyn Coffey,22.0,7.3,4.0,1.3,.293,71.8%,4.70,4.91,0.0,CHW,RP
Trey McGough,21.0,7.8,3.6,1.2,.291,73.4%,4.26,4.56,0.0,CHW,RP
Jake Eder,17.0,7.3,4.2,1.3,.292,71.8%,4.72,5.01,0.0,CHW,RP
Nick Nastrini,15.0,7.6,4.7,1.6,.284,70.4%,5.33,5.52,0.0,CHW,RP
Ky Bush,12.0,6.5,4.1,1.4,.293,71.4%,4.87,5.16,0.0,CHW,RP
Sean Burke,10.0,8.3,4.0,1.4,.288,72.0%,4.67,4.84,0.0,CHW,RP
Jonathan Cannon,8.0,6.8,3.2,1.4,.295,70.9%,4.75,4.88,0.0,CHW,RP
Total,543.0,8.2,3.9,1.3,.291,72.8%,4.41,4.63,0.0,CHW,RP
Tanner Bibee,173.0,9.2,2.5,1.3,.289,73.6%,3.88,3.92,2.5,CLE,SP
Ben Lively,148.0,7.1,2.8,1.4,.299,70.2%,4.80,4.74,0.7,CLE,SP
Gavin Williams,143.0,9.1,3.4,1.2,.293,72.6%,4.11,4.12,1.6,CLE,SP
Luis L. Ortiz,127.0,7.6,3.3,1.3,.301,70.7%,4.62,4.57,0.7,CLE,SP
Triston McKenzie,106.0,8.5,3.9,1.5,.290,71.4%,4.85,4.87,0.4,CLE,SP
Shane Bieber,86.0,9.0,2.2,1.0,.303,73.3%,3.61,3.48,1.5,CLE,SP
Joey Cantillo,72.0,9.2,3.9,1.1,.292,73.8%,3.98,4.17,0.8,CLE,SP
Slade Cecconi,35.0,8.1,2.1,1.4,.292,72.1%,4.20,4.20,0.4,CLE,SP
Logan Allen,17.0,7.7,3.4,1.3,.297,72.4%,4.40,4.53,0.1,CLE,SP
Doug Nikhazy,9.0,8.5,4.1,1.2,.289,73.2%,4.31,4.54,0.1,CLE,SP
Total,917.0,8.4,3.1,1.3,.295,72.1%,4.29,4.29,8.8,CLE,SP
Emmanuel Clase,70.0,9.2,2.1,0.7,.308,74.3%,3.10,3.00,1.4,CLE,RP
Cade Smith,72.0,11.3,3.1,0.9,.293,75.9%,3.12,3.11,1.2,CLE,RP
Hunter Gaddis,71.0,8.5,2.6,1.3,.286,72.6%,4.15,4.25,0.1,CLE,RP
Tim Herrin,66.0,9.7,3.7,0.9,.300,74.8%,3.51,3.65,0.4,CLE,RP
Erik Sabrowski,60.0,10.2,4.5,1.1,.292,75.1%,3.84,4.03,0.1,CLE,RP
Pedro Avila,58.0,8.7,3.5,1.0,.303,73.0%,3.97,3.99,0.1,CLE,RP
Andrew Walters,54.0,9.9,4.1,1.2,.292,73.5%,4.14,4.18,0.0,CLE,RP
Nic Enright,50.0,9.1,2.9,1.3,.288,73.5%,3.98,4.04,0.0,CLE,RP
Franco Aleman,46.0,9.0,3.3,1.1,.298,72.9%,3.93,3.97,0.0,CLE,RP
Andrew Misiaszek,42.0,9.1,3.8,1.1,.293,74.1%,3.91,4.12,0.0,CLE,RP
Trevor Stephan,37.0,9.4,3.1,1.1,.295,72.5%,3.93,3.87,0.0,CLE,RP
Ryan Webb,35.0,8.2,3.2,1.1,.297,73.2%,3.96,4.12,0.0,CLE,RP
Slade Cecconi,30.0,8.1,2.1,1.4,.292,72.1%,4.20,4.20,0.0,CLE,RP
Doug Nikhazy,28.0,8.5,4.1,1.2,.289,73.2%,4.31,4.54,0.0,CLE,RP
Joey Cantillo,26.0,9.2,3.9,1.1,.292,73.8%,3.98,4.17,0.0,CLE,RP
Luis Frías,24.0,9.0,3.9,1.1,.297,72.9%,4.14,4.20,0.0,CLE,RP
Triston McKenzie,22.0,8.5,3.9,1.5,.290,71.4%,4.85,4.87,0.0,CLE,RP
Parker Mushinski,19.0,7.9,3.6,1.0,.303,72.5%,4.14,4.30,0.0,CLE,RP
Luis L. Ortiz,17.0,7.6,3.3,1.3,.301,70.7%,4.62,4.57,0.0,CLE,RP
Parker Messick,15.0,8.9,2.9,1.1,.294,73.9%,3.73,3.88,0.0,CLE,RP
Alaska Abney,12.0,7.3,4.3,1.3,.296,70.7%,4.86,4.99,0.0,CLE,RP
Shane Bieber,10.0,9.0,2.2,1.0,.303,73.3%,3.61,3.48,0.0,CLE,RP
Total,541.0,9.2,3.3,1.1,.295,73.6%,3.87,3.94,3.3,CLE,RP
Tarik Skubal,199.0,10.5,2.1,0.9,.289,76.4%,2.90,2.95,5.1,DET,SP
Reese Olson,156.0,8.3,2.9,1.0,.296,72.4%,3.84,3.86,2.2,DET,SP
Casey Mize,145.0,7.3,2.5,1.1,.296,71.2%,4.12,4.13,1.6,DET,SP
Alex Cobb,127.0,7.5,2.5,0.8,.304,72.2%,3.65,3.65,2.0,DET,SP
Jackson Jobe,120.0,7.0,3.3,1.3,.285,70.8%,4.61,4.79,0.3,DET,SP
Keider Montero,64.0,7.7,3.1,1.2,.289,71.7%,4.30,4.43,0.5,DET,SP
Matt Manning,45.0,7.4,2.8,1.2,.289,71.9%,4.17,4.29,0.4,DET,SP
Sawyer Gipson-Long,37.0,8.2,2.4,1.1,.292,72.4%,3.82,3.85,0.5,DET,SP
Kenta Maeda,17.0,8.7,2.3,1.2,.287,72.7%,3.90,3.91,0.3,DET,SP
Ty Madden,9.0,8.4,3.0,1.1,.287,72.7%,3.92,4.02,0.1,DET,SP
Brant Hurter,9.0,7.5,2.1,0.9,.297,73.0%,3.52,3.67,0.2,DET,SP
Total,927.0,8.2,2.6,1.1,.293,72.6%,3.80,3.86,13.1,DET,SP
Beau Brieske,67.0,8.8,3.3,1.1,.287,73.6%,3.88,4.02,0.2,DET,RP
Jason Foley,64.0,7.7,2.7,0.9,.301,72.5%,3.69,3.73,0.4,DET,RP
Tyler Holton,75.0,8.1,2.5,1.0,.291,73.9%,3.55,3.71,0.5,DET,RP
Will Vest,70.0,9.0,2.8,0.9,.296,74.2%,3.38,3.47,0.5,DET,RP
Sean Guenther,63.0,7.2,2.7,0.9,.297,73.2%,3.65,3.86,0.1,DET,RP
Brant Hurter,58.0,7.5,2.1,0.9,.297,73.0%,3.52,3.67,0.3,DET,RP
Kenta Maeda,52.0,8.7,2.3,1.2,.287,72.7%,3.90,3.91,0.1,DET,RP
Brenan Hanifee,50.0,7.2,2.4,0.9,.299,72.5%,3.69,3.79,0.1,DET,RP
Alex Lange,46.0,10.0,4.4,0.8,.295,74.2%,3.63,3.75,0.1,DET,RP
Alex Faedo,44.0,8.8,3.1,1.2,.287,73.2%,3.99,4.07,0.0,DET,RP
Ty Madden,41.0,8.4,3.0,1.1,.287,72.7%,3.92,4.02,0.1,DET,RP
Mason Englert,36.0,7.9,2.7,1.2,.290,72.2%,4.04,4.12,0.0,DET,RP
Sawyer Gipson-Long,32.0,8.2,2.4,1.1,.292,72.4%,3.82,3.85,0.0,DET,RP
Tyler Mattison,28.0,8.9,3.8,1.1,.287,73.4%,3.99,4.16,0.0,DET,RP
Matt Manning,26.0,7.4,2.8,1.2,.289,71.9%,4.17,4.29,0.0,DET,RP
Chase Lee,24.0,8.5,3.1,0.9,.294,73.3%,3.66,3.79,0.0,DET,RP
Ryan Miller,22.0,7.4,3.1,1.2,.289,71.7%,4.27,4.43,0.0,DET,RP
Matt Gage,21.0,8.4,3.7,0.9,.291,74.2%,3.74,4.03,0.0,DET,RP
Lael Lockhart,17.0,8.4,3.2,1.0,.288,74.0%,3.74,3.99,0.0,DET,RP
Keider Montero,15.0,7.7,3.1,1.2,.289,71.7%,4.30,4.43,0.0,DET,RP
Jackson Jobe,12.0,7.0,3.3,1.3,.285,70.8%,4.61,4.79,0.0,DET,RP
Tyler Owens,10.0,7.3,3.3,1.1,.292,71.7%,4.26,4.41,0.0,DET,RP
Total,531.0,8.2,2.9,1.0,.292,73.1%,3.78,3.90,2.5,DET,RP
Seth Lugo,200.0,7.8,2.5,1.1,.305,71.1%,4.16,4.00,2.8,KCR,SP
Cole Ragans,183.0,10.2,3.4,1.0,.296,74.7%,3.51,3.52,3.6,KCR,SP
Michael Wacha,169.0,7.8,2.7,1.2,.296,71.2%,4.29,4.22,2.3,KCR,SP
Alec Marsh,132.0,8.4,3.3,1.3,.300,70.7%,4.49,4.37,1.4,KCR,SP
Kris Bubic,117.0,8.1,3.2,1.1,.304,72.1%,4.15,4.13,1.4,KCR,SP
Kyle Wright,100.0,7.6,3.0,1.0,.310,70.6%,4.20,4.07,1.3,KCR,SP
Noah Cameron,18.0,8.0,2.6,1.1,.297,72.7%,3.91,3.96,0.3,KCR,SP
Daniel Lynch IV,9.0,7.3,2.4,1.1,.301,71.7%,4.10,4.09,0.1,KCR,SP
Jonathan Bowlan,9.0,7.2,2.7,1.1,.300,70.8%,4.31,4.28,0.1,KCR,SP
Total,937.0,8.4,3.0,1.1,.301,71.8%,4.10,4.03,13.3,KCR,SP
Lucas Erceg,67.0,10.3,3.5,0.8,.303,74.3%,3.42,3.38,1.1,KCR,RP
Hunter Harvey,66.0,9.6,2.9,0.9,.301,72.7%,3.61,3.44,1.0,KCR,RP
John Schreiber,62.0,8.3,3.6,1.0,.302,72.3%,4.03,4.05,0.4,KCR,RP
Angel Zerpa,63.0,8.1,3.0,0.9,.306,73.5%,3.67,3.76,0.4,KCR,RP
Sam Long,61.0,8.0,3.7,1.1,.299,72.3%,4.31,4.36,-0.1,KCR,RP
Chris Stratton,60.0,7.5,3.8,1.1,.302,71.2%,4.56,4.54,-0.1,KCR,RP
Daniel Lynch IV,57.0,7.3,2.4,1.1,.301,71.7%,4.10,4.09,0.0,KCR,RP
James McArthur,53.0,8.1,2.8,1.0,.306,72.1%,3.92,3.85,0.1,KCR,RP
Carlos Hernández,48.0,9.0,3.7,1.1,.295,72.5%,4.16,4.12,0.0,KCR,RP
Steven Cruz,44.0,8.4,4.2,1.0,.301,71.9%,4.31,4.32,0.0,KCR,RP
Evan Sisk,37.0,8.1,4.0,0.9,.307,72.9%,3.99,4.10,0.0,KCR,RP
Jonathan Bowlan,35.0,7.2,2.7,1.1,.300,70.8%,4.31,4.28,0.0,KCR,RP
Eric Cerantola,30.0,8.6,4.7,1.0,.299,72.0%,4.38,4.47,0.0,KCR,RP
Noah Cameron,28.0,8.0,2.6,1.1,.297,72.7%,3.91,3.96,0.0,KCR,RP
Luinder Avila,26.0,6.9,3.8,1.0,.306,70.6%,4.49,4.50,0.0,KCR,RP
Jacob Wallace,24.0,8.0,4.9,1.2,.294,71.1%,4.83,4.92,0.0,KCR,RP
Kris Bubic,22.0,8.1,3.2,1.1,.304,72.1%,4.15,4.13,0.0,KCR,RP
Kyle Wright,21.0,7.6,3.0,1.0,.310,70.6%,4.20,4.07,0.0,KCR,RP
Taylor Clarke,18.0,7.5,2.5,1.2,.299,72.0%,4.23,4.25,0.0,KCR,RP
Steven Zobac,14.0,7.3,2.5,1.2,.294,71.2%,4.27,4.28,0.0,KCR,RP
Anthony Simonelli,12.0,7.3,3.6,1.2,.298,70.5%,4.69,4.67,0.0,KCR,RP
Alec Marsh,10.0,8.4,3.3,1.3,.300,70.7%,4.49,4.37,0.0,KCR,RP
Chandler Champlain,8.0,6.6,2.7,1.1,.301,70.5%,4.39,4.37,0.0,KCR,RP
Total,521.0,8.2,3.4,1.0,.302,72.2%,4.09,4.08,2.9,KCR,RP
Pablo López,196.0,9.4,2.2,1.1,.297,73.4%,3.59,3.51,3.7,MIN,SP
Bailey Ober,181.0,9.3,2.2,1.4,.287,73.4%,4.00,3.98,2.6,MIN,SP
Joe Ryan,169.0,10.0,2.1,1.3,.285,73.8%,3.73,3.67,3.4,MIN,SP
Simeon Woods Richardson,138.0,7.6,3.4,1.3,.294,70.8%,4.66,4.64,1.0,MIN,SP
Chris Paddack,90.0,8.2,2.1,1.3,.298,72.0%,4.09,3.98,1.3,MIN,SP
David Festa,79.0,9.4,3.2,1.1,.296,72.8%,3.88,3.83,1.3,MIN,SP
Zebby Matthews,53.0,8.1,1.9,1.2,.295,72.0%,3.95,3.89,0.8,MIN,SP
Louie Varland,9.0,9.0,2.3,1.0,.300,73.8%,3.60,3.59,0.2,MIN,SP
Travis Adams,9.0,6.8,2.8,1.2,.298,70.9%,4.38,4.41,0.1,MIN,SP
Total,923.0,9.0,2.4,1.3,.293,72.7%,3.96,3.91,14.4,MIN,SP
Jhoan Duran,65.0,11.2,3.0,0.6,.304,76.2%,2.77,2.74,1.7,MIN,RP
Griffin Jax,72.0,10.6,2.6,0.9,.298,75.1%,3.19,3.10,1.3,MIN,RP
Cole Sands,67.0,9.7,2.8,1.1,.293,73.5%,3.67,3.62,0.7,MIN,RP
Jorge Alcala,62.0,9.7,3.5,1.2,.290,73.6%,3.95,3.98,0.4,MIN,RP
Michael Tonkin,65.0,8.9,3.3,1.1,.297,72.0%,4.08,4.04,0.1,MIN,RP
Brock Stewart,58.0,11.4,3.5,0.9,.293,76.0%,3.25,3.24,0.5,MIN,RP
Kody Funderburk,56.0,9.0,3.5,0.8,.301,74.2%,3.53,3.71,0.1,MIN,RP
Justin Topa,52.0,7.9,3.1,0.9,.305,72.3%,3.91,3.92,0.1,MIN,RP
Eiberson Castellano,48.0,8.7,3.1,1.0,.299,72.4%,3.90,3.92,0.1,MIN,RP
Louie Varland,46.0,9.0,2.3,1.0,.300,73.8%,3.60,3.59,0.1,MIN,RP
Chris Paddack,40.0,8.2,2.1,1.3,.298,72.0%,4.09,3.98,0.0,MIN,RP
Ronny Henriquez,35.0,7.8,3.1,1.0,.300,72.4%,4.02,4.10,0.0,MIN,RP
Brent Headrick,33.0,9.0,2.8,1.2,.289,73.8%,3.85,3.96,0.0,MIN,RP
Zebby Matthews,28.0,8.1,1.9,1.2,.295,72.0%,3.95,3.89,0.0,MIN,RP
Huascar Ynoa,26.0,9.3,3.0,1.0,.300,73.4%,3.70,3.65,0.1,MIN,RP
David Festa,24.0,9.4,3.2,1.1,.296,72.8%,3.88,3.83,0.0,MIN,RP
Scott Blewett,22.0,7.1,3.0,1.2,.296,71.2%,4.42,4.48,0.0,MIN,RP
Travis Adams,19.0,6.8,2.8,1.2,.298,70.9%,4.38,4.41,0.0,MIN,RP
Marco Raya,17.0,8.2,3.5,1.1,.295,72.2%,4.18,4.28,0.0,MIN,RP
Matt Canterino,15.0,9.4,4.0,1.2,.293,72.8%,4.27,4.28,0.0,MIN,RP
Randy Dobnak,12.0,7.5,3.0,0.9,.306,72.0%,3.93,3.94,0.0,MIN,RP
Andrew Morris,10.0,7.7,2.4,1.1,.299,72.1%,3.92,3.92,0.0,MIN,RP
Total,535.0,9.2,3.0,1.0,.297,73.4%,3.72,3.72,5.2,MIN,RP
Gerrit Cole,189.0,9.4,2.5,1.3,.285,73.7%,3.93,3.98,3.1,NYY,SP
Carlos Rodón,176.0,10.2,2.8,1.4,.282,74.0%,3.90,3.91,2.8,NYY,SP
Max Fried,173.0,8.6,2.5,0.9,.300,74.7%,3.36,3.51,3.3,NYY,SP
Luis Gil,151.0,10.0,4.2,1.3,.281,74.1%,4.18,4.40,1.8,NYY,SP
Clarke Schmidt,114.0,8.9,2.9,1.2,.290,73.6%,3.92,4.10,1.7,NYY,SP
Marcus Stroman,89.0,7.0,3.0,1.2,.300,71.4%,4.32,4.41,0.8,NYY,SP
JT Brubaker,18.0,8.7,2.7,1.3,.292,73.4%,4.06,4.18,0.2,NYY,SP
Will Warren,9.0,8.8,2.7,1.1,.295,73.7%,3.67,3.76,0.1,NYY,SP
Clayton Beeter,9.0,10.2,3.7,1.2,.284,74.9%,3.79,3.97,0.2,NYY,SP
Total,929.0,9.2,3.0,1.2,.289,73.8%,3.89,4.01,14.0,NYY,SP
Devin Williams,63.0,11.5,4.0,0.9,.287,76.7%,3.20,3.37,1.0,NYY,RP
Luke Weaver,70.0,9.7,2.5,1.3,.286,75.6%,3.67,3.82,0.6,NYY,RP
Ian Hamilton,62.0,9.7,3.5,0.9,.292,75.2%,3.46,3.67,0.6,NYY,RP
Fernando Cruz,61.0,11.9,3.7,1.0,.283,76.6%,3.30,3.36,0.7,NYY,RP
Jake Cousins,58.0,10.3,4.3,1.0,.290,74.7%,3.79,4.01,0.2,NYY,RP
Mark Leiter Jr.,56.0,10.3,3.3,1.1,.289,74.8%,3.57,3.69,0.4,NYY,RP
Clayton Beeter,54.0,10.2,3.7,1.2,.284,74.9%,3.79,3.97,0.1,NYY,RP
Scott Effross,50.0,7.5,2.9,1.2,.296,72.4%,4.18,4.32,0.0,NYY,RP
Jonathan Loáisiga,48.0,8.0,2.7,0.9,.297,73.6%,3.60,3.77,0.1,NYY,RP
JT Brubaker,42.0,8.7,2.7,1.3,.292,73.4%,4.06,4.18,0.0,NYY,RP
Yerry De Los Santos,40.0,7.5,3.3,1.1,.295,72.7%,4.14,4.35,0.0,NYY,RP
Yoendrys Gómez,38.0,8.9,3.6,1.4,.284,73.1%,4.31,4.52,0.0,NYY,RP
Colten Brewer,34.0,8.3,3.4,1.2,.291,72.8%,4.16,4.34,0.0,NYY,RP
Marcus Stroman,28.0,7.0,3.0,1.2,.300,71.4%,4.32,4.41,0.0,NYY,RP
Will Warren,26.0,8.8,2.7,1.1,.295,73.7%,3.67,3.76,0.0,NYY,RP
Clarke Schmidt,24.0,8.9,2.9,1.2,.290,73.6%,3.92,4.10,0.0,NYY,RP
Geoff Hartlieb,22.0,7.7,3.4,1.2,.293,72.7%,4.19,4.43,0.0,NYY,RP
McKinley Moore,21.0,9.2,4.7,1.1,.291,73.6%,4.15,4.44,0.0,NYY,RP
Ben Shields,17.0,8.9,3.0,1.1,.291,74.7%,3.67,3.92,0.0,NYY,RP
Zach Messinger,15.0,7.5,3.3,1.4,.286,71.9%,4.56,4.80,0.0,NYY,RP
Carson Coleman,13.0,8.8,3.3,1.3,.288,73.0%,4.18,4.34,0.0,NYY,RP
Luis Gil,10.0,10.0,4.2,1.3,.281,74.1%,4.18,4.40,0.0,NYY,RP
Total,529.0,9.4,3.4,1.1,.290,74.2%,3.80,3.97,3.8,NYY,RP
Luis Severino,183.0,7.8,3.0,1.1,.292,72.2%,4.05,4.21,2.0,ATH,SP
JP Sears,178.0,7.3,2.6,1.4,.283,71.3%,4.39,4.60,1.4,ATH,SP
Jeffrey Springs,146.0,8.6,2.5,1.1,.287,74.3%,3.64,3.82,2.1,ATH,SP
Joey Estes,134.0,6.6,2.5,1.6,.278,69.9%,4.85,5.07,0.4,ATH,SP
Mitch Spence,108.0,6.9,2.7,1.1,.296,71.3%,4.12,4.22,1.1,ATH,SP
J.T. Ginn,73.0,6.6,3.1,1.0,.297,71.4%,4.12,4.33,0.7,ATH,SP
Osvaldo Bido,44.0,8.4,3.4,1.1,.282,72.2%,4.04,4.26,0.5,ATH,SP
Gunnar Hoglund,37.0,6.7,2.8,1.3,.286,71.0%,4.40,4.61,0.2,ATH,SP
Brady Basso,9.0,8.5,2.4,1.0,.287,74.7%,3.43,3.67,0.2,ATH,SP
Mason Barnett,9.0,8.4,3.4,1.1,.284,73.1%,3.89,4.13,0.1,ATH,SP
Total,920.0,7.5,2.8,1.2,.287,71.8%,4.19,4.37,8.6,ATH,SP
Mason Miller,68.0,13.3,3.1,0.7,.281,79.2%,2.46,2.44,2.2,ATH,RP
Tyler Ferguson,65.0,9.1,4.1,0.9,.288,74.2%,3.71,4.03,0.3,ATH,RP
Michel Otañez,64.0,10.7,4.7,0.8,.288,75.4%,3.46,3.74,0.5,ATH,RP
Grant Holman,62.0,8.1,3.7,1.0,.293,73.0%,3.94,4.16,0.0,ATH,RP
T.J. McFarland,61.0,6.4,3.3,0.8,.301,72.7%,3.85,4.17,0.0,ATH,RP
Justin Sterner,60.0,8.2,3.5,1.2,.281,72.9%,4.13,4.39,0.0,ATH,RP
Hogan Harris,57.0,8.4,3.7,1.0,.286,74.1%,3.84,4.18,0.0,ATH,RP
Will Klein,53.0,8.4,4.9,1.0,.290,73.1%,4.20,4.51,-0.1,ATH,RP
Noah Murdock,48.0,7.4,4.7,0.8,.298,72.4%,4.15,4.50,-0.1,ATH,RP
Anthony Maldonado,44.0,8.0,3.6,1.2,.283,72.9%,4.17,4.44,0.0,ATH,RP
Brady Basso,40.0,8.5,2.4,1.0,.287,74.7%,3.43,3.67,0.1,ATH,RP
Osvaldo Bido,36.0,8.4,3.4,1.1,.282,72.2%,4.04,4.26,0.0,ATH,RP
Jacob Lopez,30.0,8.8,3.6,1.0,.284,74.4%,3.63,3.96,0.0,ATH,RP
Gunnar Hoglund,28.0,6.7,2.8,1.3,.286,71.0%,4.40,4.61,0.0,ATH,RP
Tyler Baum,26.0,7.6,5.0,1.0,.289,72.2%,4.45,4.81,-0.1,ATH,RP
Michael Kelly,24.0,8.3,3.6,1.1,.288,72.8%,4.08,4.24,0.0,ATH,RP
J.T. Ginn,22.0,6.6,3.1,1.0,.297,71.4%,4.12,4.33,0.0,ATH,RP
Tanner Dodson,21.0,6.5,5.0,0.8,.301,71.9%,4.38,4.76,0.0,ATH,RP
Blake Beers,17.0,7.1,2.9,1.2,.286,71.8%,4.12,4.39,0.0,ATH,RP
Mitch Spence,15.0,6.9,2.7,1.1,.296,71.3%,4.12,4.22,0.0,ATH,RP
Ryan Cusick,12.0,7.6,4.6,1.1,.289,72.1%,4.44,4.74,0.0,ATH,RP
Mason Barnett,10.0,8.4,3.4,1.1,.284,73.1%,3.89,4.13,0.0,ATH,RP
Jeffrey Springs,8.0,8.6,2.5,1.1,.287,74.3%,3.64,3.82,0.0,ATH,RP
Total,538.0,8.5,3.8,1.0,.289,73.5%,3.84,4.10,3.0,ATH,RP
Logan Gilbert,201.0,9.4,1.9,1.1,.287,74.5%,3.41,3.45,3.6,SEA,SP
Luis Castillo,184.0,9.1,2.5,1.2,.286,74.3%,3.62,3.76,2.8,SEA,SP
George Kirby,180.0,8.5,1.4,1.2,.287,73.2%,3.50,3.51,3.3,SEA,SP
Bryce Miller,175.0,8.6,2.4,1.3,.285,73.6%,3.88,4.02,1.9,SEA,SP
Bryan Woo,144.0,8.5,2.1,1.3,.285,72.9%,3.84,3.95,1.8,SEA,SP
Emerson Hancock,36.0,6.5,2.8,1.5,.285,70.9%,4.67,4.92,0.1,SEA,SP
Logan Evans,9.0,7.4,3.2,1.2,.290,72.3%,4.17,4.41,0.1,SEA,SP
Jhonathan Díaz,9.0,7.4,3.2,1.0,.292,73.5%,3.76,4.14,0.1,SEA,SP
Blas Castano,9.0,6.9,2.7,1.1,.290,71.9%,4.10,4.37,0.1,SEA,SP
Total,947.0,8.7,2.1,1.2,.286,73.6%,3.69,3.78,13.6,SEA,SP
Andrés Muñoz,65.0,11.7,3.5,0.7,.290,77.3%,2.82,2.95,1.2,SEA,RP
Collin Snider,66.0,8.1,3.7,1.1,.290,73.2%,4.11,4.35,-0.1,SEA,RP
Gregory Santos,63.0,9.4,3.3,0.8,.294,74.7%,3.32,3.50,0.7,SEA,RP
Trent Thornton,68.0,8.8,2.9,1.2,.285,74.1%,3.82,4.03,0.1,SEA,RP
Tayler Saucedo,64.0,8.4,3.7,0.9,.291,74.5%,3.60,3.97,0.1,SEA,RP
Troy Taylor,58.0,8.9,3.6,1.0,.289,74.0%,3.80,4.05,0.1,SEA,RP
Gabe Speier,56.0,9.3,3.1,1.0,.289,75.3%,3.44,3.70,0.1,SEA,RP
Carlos Vargas,54.0,7.9,3.6,0.9,.295,73.6%,3.75,4.05,0.0,SEA,RP
Eduard Bazardo,50.0,8.8,3.0,1.1,.287,74.2%,3.67,3.90,0.0,SEA,RP
Cody Bolton,44.0,8.5,3.6,1.2,.285,73.5%,4.04,4.31,0.0,SEA,RP
Matt Brash,38.0,11.5,3.6,0.8,.288,77.4%,2.90,3.09,0.1,SEA,RP
Austin Kitchen,35.0,6.1,2.9,1.0,.293,72.9%,4.00,4.41,-0.1,SEA,RP
Jackson Kowar,34.0,8.7,3.8,1.1,.289,73.3%,4.00,4.23,0.0,SEA,RP
Jhonathan Díaz,28.0,7.4,3.2,1.0,.292,73.5%,3.76,4.14,0.0,SEA,RP
Yunior Marte,26.0,8.3,3.6,1.0,.292,73.4%,3.88,4.12,0.0,SEA,RP
Blas Castano,24.0,6.9,2.7,1.1,.290,71.9%,4.10,4.37,0.0,SEA,RP
Brandyn Garcia,22.0,8.5,3.3,0.9,.290,74.8%,3.51,3.89,0.0,SEA,RP
Casey Lawrence,21.0,6.0,1.8,1.3,.288,71.3%,4.25,4.47,0.0,SEA,RP
Jimmy Joyce,17.0,8.0,3.3,1.0,.293,72.9%,3.85,4.12,0.0,SEA,RP
Emerson Hancock,15.0,6.5,2.8,1.5,.285,70.9%,4.67,4.92,0.0,SEA,RP
Travis Kuhn,14.0,7.6,3.7,1.1,.288,72.6%,4.18,4.50,0.0,SEA,RP
Peyton Alford,12.0,8.5,4.2,1.2,.282,74.2%,4.12,4.54,0.0,SEA,RP
Logan Evans,10.0,7.4,3.2,1.2,.290,72.3%,4.17,4.41,0.0,SEA,RP
Total,511.0,8.7,3.3,1.0,.290,74.1%,3.70,3.96,2.3,SEA,RP
Taj Bradley,170.0,9.6,3.0,1.2,.289,73.8%,3.88,3.92,2.4,TBR,SP
Ryan Pepiot,165.0,9.6,3.3,1.2,.285,73.2%,4.00,4.09,2.2,TBR,SP
Shane McClanahan,151.0,10.1,2.6,1.0,.294,75.3%,3.31,3.35,3.1,TBR,SP
Shane Baz,138.0,8.6,3.3,1.3,.291,72.3%,4.23,4.31,1.5,TBR,SP
Zack Littell,125.0,7.7,2.2,1.4,.293,71.6%,4.32,4.32,1.2,TBR,SP
Drew Rasmussen,104.0,8.8,2.4,1.0,.299,73.2%,3.55,3.50,1.8,TBR,SP
Ian Seymour,28.0,8.1,3.1,1.3,.286,72.6%,4.22,4.44,0.2,TBR,SP
Joe Boyle,18.0,11.0,5.4,0.9,.290,74.8%,3.77,3.98,0.3,TBR,SP
Joe Rock,9.0,7.6,2.5,1.1,.294,73.0%,3.86,4.04,0.1,TBR,SP
Jacob Waguespack,9.0,9.3,3.5,1.1,.294,73.6%,3.83,3.90,0.1,TBR,SP
Total,916.0,9.1,2.9,1.2,.291,73.3%,3.89,3.94,13.0,TBR,SP
Pete Fairbanks,60.0,10.3,3.4,0.9,.291,74.8%,3.41,3.47,0.9,TBR,RP
Edwin Uceta,66.0,9.6,3.6,1.2,.283,74.0%,3.88,4.06,0.4,TBR,RP
Garrett Cleavinger,64.0,10.9,4.1,1.0,.291,75.1%,3.57,3.70,0.5,TBR,RP
Manuel Rodríguez,62.0,8.7,3.4,0.9,.301,73.1%,3.74,3.82,0.2,TBR,RP
Mason Montgomery,61.0,9.1,3.2,1.1,.286,74.5%,3.77,4.00,0.1,TBR,RP
Kevin Kelly,59.0,7.9,2.5,0.9,.301,72.0%,3.74,3.77,0.2,TBR,RP
Hunter Bigge,55.0,9.5,4.3,1.1,.289,73.7%,4.08,4.23,0.0,TBR,RP
Cole Sulser,54.0,8.4,3.7,1.2,.290,73.4%,4.09,4.30,0.0,TBR,RP
Mike Vasil,48.0,7.5,2.6,1.1,.293,72.0%,4.05,4.17,0.0,TBR,RP
Jacob Waguespack,46.0,9.3,3.5,1.1,.294,73.6%,3.83,3.90,0.0,TBR,RP
Eric Orze,44.0,9.1,3.9,1.1,.293,73.5%,3.97,4.10,0.0,TBR,RP
Joe Boyle,38.0,11.0,5.4,0.9,.290,74.8%,3.77,3.98,0.1,TBR,RP
Michael Flynn,36.0,8.8,3.6,1.1,.292,72.3%,4.14,4.25,0.0,TBR,RP
Drew Rasmussen,28.0,8.8,2.4,1.0,.299,73.2%,3.55,3.50,0.1,TBR,RP
Nate Lavender,26.0,9.5,4.2,1.1,.288,74.5%,3.90,4.16,0.0,TBR,RP
Joey Gerber,24.0,8.0,4.1,1.3,.292,71.7%,4.63,4.74,0.0,TBR,RP
Joe Rock,22.0,7.6,2.5,1.1,.294,73.0%,3.86,4.04,0.0,TBR,RP
Shane Baz,19.0,8.6,3.3,1.3,.291,72.3%,4.23,4.31,0.0,TBR,RP
Zack Littell,17.0,7.7,2.2,1.4,.293,71.6%,4.32,4.32,0.0,TBR,RP
Jake Brentz,15.0,9.2,6.1,1.0,.294,73.2%,4.49,4.87,0.0,TBR,RP
Ian Seymour,12.0,8.1,3.1,1.3,.286,72.6%,4.22,4.44,0.0,TBR,RP
Shane McClanahan,10.0,10.1,2.6,1.0,.294,75.3%,3.31,3.35,0.0,TBR,RP
Total,542.0,9.1,3.5,1.1,.292,73.5%,3.88,4.01,2.4,TBR,RP
Nathan Eovaldi,176.0,8.7,2.4,1.1,.298,73.0%,3.74,3.73,2.9,TEX,SP
Jacob deGrom,152.0,12.2,1.8,1.0,.286,76.7%,2.84,2.60,5.2,TEX,SP
Tyler Mahle,148.0,8.4,2.8,1.4,.291,72.2%,4.29,4.32,1.4,TEX,SP
Jon Gray,142.0,8.2,2.8,1.3,.295,71.9%,4.23,4.23,1.8,TEX,SP
Kumar Rocker,117.0,9.2,2.8,1.1,.297,73.2%,3.78,3.75,1.9,TEX,SP
Jack Leiter,97.0,9.0,3.8,1.3,.288,72.3%,4.41,4.52,0.8,TEX,SP
Cody Bradford,54.0,8.1,2.0,1.4,.285,72.9%,4.12,4.22,0.7,TEX,SP
Dane Dunning,18.0,8.4,2.8,1.1,.299,72.7%,3.95,3.99,0.3,TEX,SP
Emiliano Teodo,9.0,8.2,4.6,1.2,.295,71.7%,4.59,4.75,0.1,TEX,SP
Dane Acker,9.0,7.9,3.7,1.4,.287,71.8%,4.59,4.78,0.1,TEX,SP
Total,922.0,9.2,2.6,1.2,.293,73.1%,3.88,3.86,14.9,TEX,SP
Jacob Webb,65.0,8.8,3.9,1.2,.290,72.9%,4.30,4.45,0.1,TEX,RP
Robert Garcia,63.0,10.2,3.3,1.0,.292,75.9%,3.36,3.52,0.9,TEX,RP
Shawn Armstrong,62.0,8.8,2.8,1.2,.292,72.9%,3.97,4.01,0.4,TEX,RP
Hoby Milner,61.0,8.1,2.6,1.1,.299,73.9%,3.74,3.89,0.3,TEX,RP
Jacob Latz,59.0,9.4,4.2,1.2,.286,74.5%,4.06,4.33,0.1,TEX,RP
Daniel Robert,55.0,8.7,3.6,1.3,.289,72.8%,4.26,4.40,0.1,TEX,RP
Dane Dunning,53.0,8.4,2.8,1.1,.299,72.7%,3.95,3.99,0.1,TEX,RP
Matt Festa,48.0,8.4,3.5,1.3,.287,72.3%,4.36,4.49,0.0,TEX,RP
Marc Church,44.0,8.8,3.8,1.3,.291,72.8%,4.31,4.41,0.0,TEX,RP
Walter Pennington,42.0,8.3,3.6,0.9,.301,73.8%,3.75,3.95,0.0,TEX,RP
Luis Curvelo,38.0,8.1,3.5,1.3,.290,72.0%,4.50,4.64,0.0,TEX,RP
Cody Bradford,37.0,8.1,2.0,1.4,.285,72.9%,4.12,4.22,0.0,TEX,RP
Josh Sborz,33.0,9.8,3.5,1.1,.292,74.1%,3.81,3.85,0.0,TEX,RP
Gerson Garabito,28.0,8.5,2.9,1.2,.295,72.4%,4.05,4.10,0.0,TEX,RP
Adrian Houser,26.0,7.0,2.9,1.1,.302,71.6%,4.19,4.24,0.0,TEX,RP
Jack Leiter,24.0,9.0,3.8,1.3,.288,72.3%,4.41,4.52,0.0,TEX,RP
Avery Weems,22.0,8.0,3.1,1.1,.294,73.5%,3.93,4.17,0.0,TEX,RP
Dane Acker,21.0,7.9,3.7,1.4,.287,71.8%,4.59,4.78,0.0,TEX,RP
Patrick Murphy,17.0,8.5,3.7,1.0,.298,73.0%,3.97,4.11,0.0,TEX,RP
Kumar Rocker,15.0,9.2,2.8,1.1,.297,73.2%,3.78,3.75,0.0,TEX,RP
Owen White,12.0,7.1,3.2,1.2,.295,71.4%,4.46,4.61,0.0,TEX,RP
Jon Gray,10.0,8.2,2.8,1.3,.295,71.9%,4.23,4.23,0.0,TEX,RP
Total,536.0,8.7,3.3,1.2,.292,73.2%,4.06,4.18,2.0,TEX,RP
Kevin Gausman,196.0,9.0,2.5,1.2,.293,72.8%,3.88,3.78,3.0,TOR,SP
José Berríos,194.0,7.9,2.5,1.3,.296,71.5%,4.26,4.28,2.0,TOR,SP
Chris Bassitt,179.0,8.3,3.0,1.1,.295,71.8%,4.10,4.15,2.1,TOR,SP
Bowden Francis,158.0,8.3,2.5,1.5,.284,71.9%,4.33,4.44,1.6,TOR,SP
Yariel Rodríguez,92.0,9.5,3.8,1.2,.290,73.1%,4.07,4.14,1.2,TOR,SP
Jake Bloss,81.0,7.1,3.3,1.4,.291,70.3%,4.85,4.88,0.4,TOR,SP
Adam Macko,18.0,8.0,3.5,1.2,.290,72.6%,4.22,4.46,0.1,TOR,SP
Andrew Bash,9.0,7.1,3.4,1.4,.290,70.6%,4.70,4.86,0.0,TOR,SP
Devereaux Harrison,9.0,6.0,3.6,1.7,.284,69.4%,5.40,5.57,0.0,TOR,SP
Total,937.0,8.3,2.8,1.3,.292,71.9%,4.21,4.24,10.4,TOR,SP
Chad Green,66.0,8.8,2.7,1.3,.286,73.4%,4.05,4.13,0.2,TOR,RP
Yimi García,61.0,10.1,2.7,1.1,.287,74.6%,3.47,3.51,0.9,TOR,RP
Erik Swanson,63.0,8.8,3.1,1.2,.289,73.2%,4.05,4.12,0.1,TOR,RP
Nick Sandlin,62.0,9.4,3.9,1.2,.288,73.4%,4.04,4.19,0.1,TOR,RP
Ryan Burr,59.0,9.8,3.1,1.0,.294,74.3%,3.65,3.66,0.3,TOR,RP
Brendon Little,58.0,7.8,3.9,0.7,.306,74.1%,3.59,3.88,0.1,TOR,RP
Tommy Nance,55.0,8.0,3.2,1.0,.300,72.0%,4.05,4.08,0.0,TOR,RP
Zach Pop,53.0,7.3,3.2,1.0,.304,72.0%,4.07,4.16,0.0,TOR,RP
Nick Robertson,48.0,8.6,3.4,1.1,.294,73.1%,3.96,4.08,0.0,TOR,RP
Josh Walker,44.0,9.2,3.8,1.1,.290,74.5%,3.82,4.06,0.0,TOR,RP
Michael Petersen,42.0,8.5,3.6,1.3,.288,72.3%,4.41,4.52,-0.1,TOR,RP
Brandon Eisert,36.0,8.4,3.1,1.0,.296,74.0%,3.75,3.92,0.1,TOR,RP
Brett de Geus,33.0,6.6,3.4,1.0,.304,71.1%,4.32,4.44,0.0,TOR,RP
Yariel Rodríguez,32.0,9.5,3.8,1.2,.290,73.1%,4.07,4.14,0.0,TOR,RP
Easton Lucas,26.0,8.0,3.6,1.2,.289,73.3%,4.14,4.40,0.0,TOR,RP
Hayden Juenger,24.0,8.1,3.3,1.2,.290,72.2%,4.27,4.40,0.0,TOR,RP
Angel Bastardo,22.0,8.6,3.6,1.0,.294,73.2%,3.97,4.10,0.0,TOR,RP
Paxton Schultz,21.0,8.4,3.3,1.2,.287,73.0%,4.15,4.30,0.0,TOR,RP
Andrew Bash,17.0,7.1,3.4,1.4,.290,70.6%,4.70,4.86,0.0,TOR,RP
Adam Macko,15.0,8.0,3.5,1.2,.290,72.6%,4.22,4.46,0.0,TOR,RP
Kevin Gowdy,12.0,6.9,3.9,1.0,.301,71.5%,4.37,4.55,0.0,TOR,RP
Jake Bloss,10.0,7.1,3.3,1.4,.291,70.3%,4.85,4.88,0.0,TOR,RP
Total,521.0,8.6,3.4,1.1,.293,73.1%,3.99,4.11,1.7,TOR,RP
Corbin Burnes,190.0,9.1,2.5,0.9,.306,72.0%,3.71,3.46,3.6,ARI,SP
Zac Gallen,171.0,9.1,2.8,1.0,.306,71.9%,3.95,3.71,2.6,ARI,SP
Merrill Kelly,152.0,8.3,2.9,1.2,.305,71.7%,4.21,4.05,1.7,ARI,SP
Eduardo Rodriguez,136.0,8.3,2.8,1.1,.304,72.3%,4.05,3.94,1.8,ARI,SP
Brandon Pfaadt,127.0,8.8,2.2,1.2,.300,72.0%,4.00,3.82,1.8,ARI,SP
Jordan Montgomery,90.0,7.1,2.6,1.1,.307,70.8%,4.27,4.12,0.9,ARI,SP
Ryne Nelson,54.0,7.5,2.3,1.2,.301,71.3%,4.24,4.14,0.6,ARI,SP
Yilber Diaz,9.0,9.4,3.7,1.1,.300,72.6%,4.05,3.98,0.1,ARI,SP
Cristian Mena,9.0,8.3,3.4,1.0,.304,71.7%,4.15,4.06,0.1,ARI,SP
Total,939.0,8.5,2.6,1.1,.304,71.8%,4.01,3.83,13.3,ARI,SP
Justin Martinez,70.0,11.2,4.6,0.6,.309,76.0%,3.14,3.22,1.1,ARI,RP
A.J. Puk,68.0,10.5,3.1,0.9,.298,74.7%,3.40,3.37,1.0,ARI,RP
Kevin Ginkel,66.0,9.7,2.9,0.9,.305,73.4%,3.53,3.37,0.7,ARI,RP
Ryan Thompson,65.0,7.3,2.9,0.9,.312,71.0%,4.00,3.85,0.3,ARI,RP
Joe Mantiply,61.0,7.7,2.8,0.9,.308,72.6%,3.82,3.79,0.2,ARI,RP
Seth Martinez,58.0,7.4,3.5,1.2,.301,70.4%,4.63,4.57,-0.1,ARI,RP
Bryce Jarvis,54.0,7.4,3.9,1.1,.307,70.5%,4.64,4.55,-0.1,ARI,RP
Drey Jameson,50.0,8.6,2.8,0.9,.307,72.5%,3.75,3.65,0.2,ARI,RP
Yilber Diaz,48.0,9.4,3.7,1.1,.300,72.6%,4.05,3.98,0.0,ARI,RP
Blake Walston,44.0,7.9,3.4,1.1,.300,72.0%,4.22,4.27,0.0,ARI,RP
Ryne Nelson,37.0,7.5,2.3,1.2,.301,71.3%,4.24,4.14,0.0,ARI,RP
Andrew Saalfrank,35.0,8.1,4.4,0.7,.312,73.4%,3.88,4.02,0.0,ARI,RP
Tommy Henry,32.0,8.3,3.0,1.1,.301,73.2%,3.97,4.04,0.0,ARI,RP
Kyle Amendt,28.0,9.6,4.3,1.0,.301,73.1%,4.05,4.03,0.0,ARI,RP
Kyle Nelson,26.0,8.3,3.4,1.1,.301,72.5%,4.15,4.17,0.0,ARI,RP
Jordan Montgomery,24.0,7.1,2.6,1.1,.307,70.8%,4.27,4.12,0.0,ARI,RP
Jeff Brigham,22.0,8.9,4.1,1.3,.292,71.6%,4.56,4.55,0.0,ARI,RP
Kyle Backhus,21.0,7.8,4.0,1.0,.306,72.2%,4.22,4.31,0.0,ARI,RP
Cristian Mena,18.0,8.3,3.4,1.0,.304,71.7%,4.15,4.06,0.0,ARI,RP
Joe Elbis,15.0,6.4,3.3,1.2,.301,69.7%,4.82,4.79,0.0,ARI,RP
Brandon Pfaadt,12.0,8.8,2.2,1.2,.300,72.0%,4.00,3.82,0.0,ARI,RP
Eduardo Rodriguez,10.0,8.3,2.8,1.1,.304,72.3%,4.05,3.94,0.0,ARI,RP
Total,519.0,8.6,3.4,1.0,.304,72.5%,3.97,3.93,3.1,ARI,RP
Chris Sale,187.0,11.1,2.3,0.9,.296,75.6%,3.07,2.96,4.5,ATL,SP
Reynaldo López,179.0,9.5,3.1,1.1,.297,72.9%,3.90,3.79,2.7,ATL,SP
Spencer Schwellenbach,172.0,8.7,2.2,1.1,.299,72.6%,3.78,3.73,2.7,ATL,SP
Spencer Strider,110.0,11.9,2.9,1.0,.292,75.9%,3.19,3.06,2.7,ATL,SP
Grant Holmes,90.0,8.0,2.9,1.2,.301,71.3%,4.33,4.23,0.8,ATL,SP
Ian Anderson,82.0,7.7,3.5,1.1,.304,71.6%,4.34,4.33,0.7,ATL,SP
AJ Smith-Shawver,45.0,9.5,3.6,1.3,.290,72.8%,4.25,4.25,0.5,ATL,SP
Bryce Elder,45.0,7.5,2.9,1.0,.308,71.2%,4.18,4.08,0.5,ATL,SP
Hurston Waldrep,18.0,8.3,3.8,1.1,.301,72.2%,4.27,4.30,0.2,ATL,SP
Drue Hackenberg,9.0,7.5,4.0,1.0,.306,71.0%,4.46,4.50,0.1,ATL,SP
Total,938.0,9.5,2.8,1.1,.298,73.2%,3.75,3.67,15.3,ATL,SP
Raisel Iglesias,70.0,10.0,2.4,1.0,.296,74.7%,3.45,3.39,0.9,ATL,RP
Pierce Johnson,65.0,10.8,3.7,1.0,.297,75.4%,3.54,3.55,0.7,ATL,RP
Aaron Bummer,62.0,10.1,3.5,0.6,.310,75.4%,3.08,3.16,0.8,ATL,RP
Dylan Lee,63.0,10.0,2.8,1.1,.291,75.8%,3.53,3.62,0.4,ATL,RP
Daysbel Hernández,60.0,10.5,4.2,1.0,.297,74.5%,3.73,3.79,0.3,ATL,RP
Anderson Pilar,58.0,7.8,3.1,1.1,.300,72.0%,4.14,4.21,0.0,ATL,RP
Angel Perdomo,54.0,11.1,4.1,1.0,.291,76.0%,3.56,3.73,0.1,ATL,RP
Dylan Dodd,53.0,7.3,2.3,1.2,.296,73.0%,3.99,4.14,0.0,ATL,RP
Domingo Gonzalez,50.0,9.0,3.8,1.1,.297,72.5%,4.16,4.23,0.0,ATL,RP
Rolddy Munoz,47.0,8.3,4.0,1.0,.302,72.5%,4.17,4.27,0.0,ATL,RP
Allan Winans,45.0,7.6,2.0,1.1,.300,72.4%,3.80,3.85,0.0,ATL,RP
Connor Gillispie,42.0,8.0,3.1,1.4,.286,71.9%,4.47,4.61,0.0,ATL,RP
Hayden Harris,35.0,9.4,4.1,1.1,.297,74.3%,3.96,4.13,0.0,ATL,RP
AJ Smith-Shawver,28.0,9.5,3.6,1.3,.290,72.8%,4.25,4.25,0.0,ATL,RP
Enyel De Los Santos,25.0,9.3,3.4,1.2,.295,73.5%,4.05,4.11,0.0,ATL,RP
Grant Holmes,24.0,8.0,2.9,1.2,.301,71.3%,4.33,4.23,0.0,ATL,RP
Joe Jiménez,22.0,10.4,3.1,1.1,.293,73.9%,3.70,3.61,0.0,ATL,RP
Jordan Weems,21.0,8.7,3.8,1.3,.297,72.4%,4.41,4.45,0.0,ATL,RP
Hurston Waldrep,17.0,8.3,3.8,1.1,.301,72.2%,4.27,4.30,0.0,ATL,RP
Bryce Elder,15.0,7.5,2.9,1.0,.308,71.2%,4.18,4.08,0.0,ATL,RP
Ian Anderson,12.0,7.7,3.5,1.1,.304,71.6%,4.34,4.33,0.0,ATL,RP
Ray Kerr,10.0,10.3,3.6,1.0,.296,75.1%,3.61,3.68,0.0,ATL,RP
Total,520.0,9.3,3.3,1.1,.297,73.7%,3.84,3.90,3.3,ATL,RP
Shota Imanaga,180.0,9.1,1.9,1.3,.288,75.0%,3.64,3.74,3.0,CHC,SP
Justin Steele,170.0,8.8,2.5,1.0,.299,73.8%,3.56,3.62,2.8,CHC,SP
Jameson Taillon,168.0,7.2,2.2,1.4,.295,70.6%,4.46,4.39,1.3,CHC,SP
Javier Assad,140.0,7.6,3.4,1.2,.297,71.6%,4.46,4.53,1.0,CHC,SP
Matthew Boyd,133.0,8.9,3.0,1.3,.288,73.6%,3.97,4.14,1.7,CHC,SP
Jordan Wicks,78.0,8.1,3.0,1.2,.294,73.0%,4.07,4.22,0.7,CHC,SP
Ben Brown,27.0,10.4,3.3,1.0,.290,74.9%,3.52,3.57,0.5,CHC,SP
Caleb Kilian,18.0,6.9,3.0,1.1,.298,71.3%,4.33,4.45,0.2,CHC,SP
Cade Horton,9.0,8.0,3.2,1.3,.291,71.5%,4.42,4.49,0.1,CHC,SP
Total,923.0,8.3,2.6,1.2,.294,72.9%,4.00,4.07,11.3,CHC,SP
Porter Hodge,66.0,9.8,4.1,1.0,.291,74.5%,3.75,3.96,0.3,CHC,RP
Nate Pearson,68.0,9.9,3.5,1.1,.289,73.9%,3.84,3.91,0.5,CHC,RP
Tyson Miller,63.0,8.1,2.9,1.3,.290,72.3%,4.18,4.30,0.0,CHC,RP
Eli Morgan,62.0,8.5,2.8,1.4,.288,72.4%,4.23,4.26,0.1,CHC,RP
Keegan Thompson,61.0,9.1,3.9,1.1,.294,73.3%,4.09,4.21,0.0,CHC,RP
Caleb Thielbar,59.0,9.9,3.3,1.1,.285,75.2%,3.67,3.83,0.3,CHC,RP
Julian Merryweather,55.0,9.9,3.6,1.0,.293,74.3%,3.69,3.77,0.1,CHC,RP
Ethan Roberts,53.0,8.8,3.7,1.2,.293,72.9%,4.22,4.35,0.0,CHC,RP
Cody Poteet,48.0,8.5,3.0,1.1,.297,73.6%,3.84,3.95,0.0,CHC,RP
Rob Zastryzny,44.0,8.4,3.2,1.1,.289,74.0%,3.88,4.13,0.0,CHC,RP
Luke Little,40.0,11.2,4.8,0.7,.295,76.8%,3.17,3.53,0.1,CHC,RP
Daniel Palencia,38.0,10.2,4.1,1.0,.291,74.7%,3.67,3.84,0.0,CHC,RP
Caleb Kilian,30.0,6.9,3.0,1.1,.298,71.3%,4.33,4.45,0.0,CHC,RP
Ben Brown,28.0,10.4,3.3,1.0,.290,74.9%,3.52,3.57,0.1,CHC,RP
Jack Neely,26.0,9.2,3.6,1.2,.288,73.6%,4.03,4.18,0.0,CHC,RP
Jordan Wicks,24.0,8.1,3.0,1.2,.294,73.0%,4.07,4.22,0.0,CHC,RP
Gavin Hollowell,22.0,8.8,3.8,1.2,.290,72.7%,4.24,4.40,0.0,CHC,RP
Javier Assad,21.0,7.6,3.4,1.2,.297,71.6%,4.46,4.53,0.0,CHC,RP
Phil Bickford,17.0,8.5,3.4,1.3,.288,71.9%,4.37,4.45,0.0,CHC,RP
Ben Heller,15.0,9.4,3.4,1.0,.297,73.0%,3.83,3.91,0.0,CHC,RP
Michael Arias,12.0,8.3,5.2,1.1,.294,72.5%,4.53,4.79,0.0,CHC,RP
Brandon Birdsell,10.0,7.7,2.2,1.3,.288,72.5%,4.04,4.18,0.0,CHC,RP
Total,535.0,9.1,3.5,1.1,.291,73.6%,3.94,4.07,1.4,CHC,RP
Hunter Greene,182.0,10.7,3.3,1.4,.287,73.2%,4.16,4.13,3.0,CIN,SP
Brady Singer,170.0,8.5,2.6,1.3,.305,72.1%,4.24,4.18,2.3,CIN,SP
Andrew Abbott,156.0,8.7,3.3,1.6,.291,72.6%,4.66,4.73,1.7,CIN,SP
Nick Martinez,145.0,7.6,2.5,1.5,.298,71.0%,4.60,4.56,1.8,CIN,SP
Nick Lodolo,127.0,9.9,2.9,1.2,.300,73.0%,3.91,3.94,2.2,CIN,SP
Rhett Lowder,91.0,7.4,2.9,1.3,.301,71.1%,4.53,4.54,1.1,CIN,SP
Chase Petty,28.0,6.6,3.5,1.5,.298,70.1%,5.07,5.16,0.1,CIN,SP
Graham Ashcraft,9.0,7.6,2.4,1.2,.306,71.5%,4.20,4.17,0.1,CIN,SP
Carson Spiers,9.0,8.1,2.7,1.5,.294,71.8%,4.59,4.64,0.1,CIN,SP
Lyon Richardson,9.0,8.6,4.1,1.3,.300,72.3%,4.47,4.56,0.1,CIN,SP
Total,925.0,8.8,2.9,1.4,.297,72.2%,4.36,4.36,12.4,CIN,SP
Alexis Díaz,65.0,9.8,4.3,1.4,.290,72.6%,4.47,4.56,0.2,CIN,RP
Emilio Pagán,66.0,9.4,3.0,1.6,.287,73.6%,4.37,4.45,0.3,CIN,RP
Tony Santillan,64.0,10.0,4.1,1.3,.293,73.5%,4.29,4.38,0.2,CIN,RP
Sam Moll,61.0,9.1,3.7,1.2,.298,73.9%,4.04,4.23,0.2,CIN,RP
Brent Suter,60.0,7.2,2.9,1.4,.301,72.3%,4.51,4.64,-0.1,CIN,RP
Roansy Contreras,58.0,8.7,3.4,1.4,.295,72.5%,4.52,4.56,0.0,CIN,RP
Yosver Zulueta,56.0,8.8,4.1,1.0,.307,72.9%,4.07,4.17,0.1,CIN,RP
Casey Legumina,53.0,7.6,3.2,1.5,.297,71.2%,4.79,4.85,-0.1,CIN,RP
Luis Mey,48.0,7.8,5.6,1.3,.302,71.3%,5.10,5.28,-0.1,CIN,RP
Graham Ashcraft,42.0,7.6,2.4,1.2,.306,71.5%,4.20,4.17,0.0,CIN,RP
Carson Spiers,37.0,8.1,2.7,1.5,.294,71.8%,4.59,4.64,0.0,CIN,RP
Zach Maxwell,33.0,9.7,4.9,1.3,.294,73.3%,4.50,4.65,0.0,CIN,RP
Andrew Moore,32.0,9.2,5.1,1.3,.297,72.6%,4.63,4.79,0.0,CIN,RP
Connor Phillips,28.0,9.7,4.0,1.3,.295,73.2%,4.30,4.39,0.0,CIN,RP
Bryan Shaw,26.0,7.5,4.2,1.4,.302,70.9%,4.96,5.04,0.0,CIN,RP
Rhett Lowder,24.0,7.4,2.9,1.3,.301,71.1%,4.53,4.54,0.0,CIN,RP
Lyon Richardson,22.0,8.6,4.1,1.3,.300,72.3%,4.47,4.56,0.0,CIN,RP
Alan Busenitz,21.0,7.4,3.1,1.4,.295,71.6%,4.63,4.76,0.0,CIN,RP
Nick Martinez,17.0,7.6,2.5,1.5,.298,71.0%,4.60,4.56,0.0,CIN,RP
Reiver Sanmartin,15.0,7.5,3.6,1.2,.305,72.6%,4.36,4.51,0.0,CIN,RP
Tejay Antone,12.0,8.7,3.7,1.3,.298,72.5%,4.37,4.45,0.0,CIN,RP
Total,533.0,8.6,3.7,1.3,.297,72.5%,4.47,4.56,0.7,CIN,RP
Ryan Feltner,177.0,7.8,3.1,1.3,.312,69.3%,4.88,4.55,1.8,COL,SP
Austin Gomber,166.0,6.4,2.5,1.6,.310,68.9%,5.27,5.00,0.9,COL,SP
Germán Márquez,160.0,7.5,3.0,1.3,.316,70.1%,4.74,4.47,2.2,COL,SP
Kyle Freeland,153.0,6.7,2.4,1.5,.312,68.9%,5.12,4.82,1.3,COL,SP
Antonio Senzatela,124.0,5.8,2.5,1.3,.317,68.1%,5.10,4.78,1.3,COL,SP
Chase Dollander,65.0,7.9,3.6,1.5,.304,69.4%,5.10,4.92,0.4,COL,SP
Carson Palmquist,37.0,8.1,4.0,1.6,.296,70.6%,5.11,5.11,0.2,COL,SP
Tanner Gordon,18.0,6.5,2.2,1.6,.306,69.1%,5.07,4.88,0.1,COL,SP
Bradley Blalock,18.0,6.6,3.4,1.5,.307,68.8%,5.38,5.20,0.1,COL,SP
Total,919.0,7.0,2.8,1.4,.312,69.2%,5.04,4.76,8.2,COL,SP
Tyler Kinley,66.0,9.3,3.7,1.3,.304,71.8%,4.51,4.33,0.3,COL,RP
Seth Halvorsen,65.0,8.2,3.9,1.2,.311,70.5%,4.72,4.54,0.3,COL,RP
Luis Peralta,64.0,8.7,4.6,1.1,.311,71.8%,4.62,4.60,-0.1,COL,RP
Victor Vodnik,70.0,8.8,4.2,1.0,.316,71.8%,4.37,4.21,0.2,COL,RP
Angel Chivilli,61.0,8.1,3.6,1.3,.309,70.7%,4.70,4.55,0.0,COL,RP
Justin Lawrence,58.0,8.2,4.1,1.1,.316,70.7%,4.61,4.44,0.0,COL,RP
Jeff Criswell,53.0,8.4,3.3,1.4,.301,71.0%,4.69,4.57,0.0,COL,RP
Jake Bird,50.0,7.9,3.7,1.1,.317,70.3%,4.63,4.42,0.0,COL,RP
Lucas Gilbreath,48.0,8.4,4.4,1.2,.308,71.8%,4.60,4.60,0.0,COL,RP
Jimmy Herget,46.0,7.5,2.7,1.5,.305,69.7%,4.87,4.68,0.0,COL,RP
Evan Justice,41.0,8.4,5.5,1.3,.308,71.0%,5.13,5.14,-0.1,COL,RP
Jaden Hill,34.0,8.0,3.7,1.2,.314,70.1%,4.68,4.48,0.0,COL,RP
Anthony Molina,32.0,6.6,2.8,1.4,.312,69.4%,4.97,4.74,0.0,COL,RP
Zach Agnos,28.0,7.7,3.3,1.5,.305,70.1%,4.96,4.79,0.0,COL,RP
Tanner Gordon,26.0,6.5,2.2,1.6,.306,69.1%,5.07,4.88,0.0,COL,RP
Jack O'Loughlin,24.0,7.1,3.2,1.3,.309,70.6%,4.80,4.72,0.0,COL,RP
Bradley Blalock,22.0,6.6,3.4,1.5,.307,68.8%,5.38,5.20,0.0,COL,RP
Tyler Burch,21.0,6.3,3.7,1.5,.309,68.5%,5.53,5.33,-0.1,COL,RP
Juan Mejia,17.0,7.6,4.6,1.2,.313,69.9%,5.07,4.94,0.0,COL,RP
Jefry Yan,15.0,8.5,5.1,1.2,.306,71.8%,4.82,4.90,0.0,COL,RP
Antonio Senzatela,12.0,5.8,2.5,1.3,.317,68.1%,5.10,4.78,0.0,COL,RP
Carson Palmquist,10.0,8.1,4.0,1.6,.296,70.6%,5.11,5.11,0.0,COL,RP
Connor Van Scoyoc,8.0,5.8,3.1,1.3,.313,68.6%,5.13,4.95,0.0,COL,RP
Total,539.0,8.0,3.8,1.3,.310,70.7%,4.76,4.62,0.5,COL,RP
Sandy Alcantara,189.0,8.1,2.3,1.0,.304,71.8%,3.80,3.67,3.3,MIA,SP
Ryan Weathers,149.0,8.0,3.2,1.2,.297,73.0%,4.14,4.31,1.5,MIA,SP
Edward Cabrera,131.0,9.8,4.2,1.0,.299,72.8%,4.00,3.99,1.8,MIA,SP
Braxton Garrett,125.0,8.1,2.2,1.0,.305,72.0%,3.77,3.71,2.2,MIA,SP
Max Meyer,126.0,8.0,3.0,1.1,.301,71.7%,4.16,4.12,1.7,MIA,SP
Eury Pérez,81.0,10.0,2.9,1.2,.288,73.3%,3.91,3.84,1.3,MIA,SP
Valente Bellozo,54.0,6.7,2.9,1.5,.291,70.4%,4.87,4.95,0.3,MIA,SP
Adam Mazur,44.0,7.2,2.6,1.4,.293,70.9%,4.49,4.49,0.4,MIA,SP
Xzavion Curry,17.0,6.8,2.7,1.6,.290,70.1%,4.91,4.92,0.1,MIA,SP
Patrick Monteverde,9.0,6.8,2.9,1.3,.290,71.8%,4.45,4.65,0.1,MIA,SP
Total,926.0,8.3,2.9,1.1,.299,72.1%,4.06,4.05,12.5,MIA,SP
Calvin Faucher,66.0,9.1,3.7,1.0,.301,72.9%,3.91,3.88,0.4,MIA,RP
Jesus Tinoco,67.0,9.2,3.4,1.0,.298,73.3%,3.79,3.81,0.6,MIA,RP
Anthony Bender,64.0,9.2,3.2,0.9,.303,73.5%,3.65,3.66,0.5,MIA,RP
Declan Cronin,70.0,7.6,3.4,0.9,.308,71.8%,4.00,4.02,0.2,MIA,RP
Andrew Nardi,60.0,10.9,3.6,1.0,.290,75.9%,3.48,3.58,0.4,MIA,RP
Lake Bachar,56.0,8.0,3.5,1.3,.289,72.0%,4.42,4.54,0.0,MIA,RP
Anthony Veneziano,53.0,7.6,3.0,1.2,.295,72.5%,4.14,4.28,0.0,MIA,RP
George Soriano,50.0,8.4,3.8,1.2,.294,72.0%,4.37,4.48,0.0,MIA,RP
Xzavion Curry,48.0,6.8,2.7,1.6,.290,70.1%,4.91,4.92,-0.1,MIA,RP
Luarbert Arias,44.0,8.0,3.5,1.4,.286,71.6%,4.56,4.68,-0.1,MIA,RP
Valente Bellozo,41.0,6.7,2.9,1.5,.291,70.4%,4.87,4.95,-0.1,MIA,RP
Josh Simpson,34.0,9.2,4.3,1.0,.297,74.0%,3.91,4.11,0.0,MIA,RP
Evan Fitterer,33.0,6.8,4.2,1.0,.303,71.2%,4.43,4.61,0.0,MIA,RP
Patrick Monteverde,28.0,6.8,2.9,1.3,.290,71.8%,4.45,4.65,0.0,MIA,RP
Adam Mazur,26.0,7.2,2.6,1.4,.293,70.9%,4.49,4.49,0.0,MIA,RP
Max Meyer,24.0,8.0,3.0,1.1,.301,71.7%,4.16,4.12,0.0,MIA,RP
Braxton Garrett,22.0,8.1,2.2,1.0,.305,72.0%,3.77,3.71,0.0,MIA,RP
Edward Cabrera,21.0,9.8,4.2,1.0,.299,72.8%,4.00,3.99,0.0,MIA,RP
Christian Roa,18.0,8.7,4.3,1.1,.294,72.3%,4.35,4.46,0.0,MIA,RP
Dale Stanavich,15.0,8.4,4.4,1.0,.298,73.0%,4.23,4.43,0.0,MIA,RP
Ryan Weathers,12.0,8.0,3.2,1.2,.297,73.0%,4.14,4.31,0.0,MIA,RP
Matt Pushard,10.0,7.5,3.6,1.3,.293,71.2%,4.64,4.72,0.0,MIA,RP
Total,532.0,8.3,3.4,1.1,.296,72.4%,4.15,4.22,1.8,MIA,RP
Framber Valdez,195.0,8.6,2.9,0.8,.310,73.3%,3.42,3.45,3.7,HOU,SP
Hunter Brown,177.0,9.4,3.1,1.0,.301,73.2%,3.69,3.65,3.2,HOU,SP
Ronel Blanco,169.0,8.9,3.7,1.3,.292,72.6%,4.35,4.42,1.7,HOU,SP
Spencer Arrighetti,141.0,9.2,3.9,1.3,.290,72.2%,4.39,4.46,1.2,HOU,SP
Luis Garcia,109.0,8.8,2.8,1.3,.290,72.4%,4.21,4.19,1.2,HOU,SP
Lance McCullers Jr.,56.0,8.7,3.3,1.0,.303,72.7%,3.89,3.93,0.8,HOU,SP
Hayden Wesneski,53.0,8.5,2.9,1.3,.295,72.4%,4.17,4.21,0.6,HOU,SP
Ryan Gusto,18.0,7.3,3.0,1.4,.291,71.1%,4.54,4.65,0.1,HOU,SP
Colton Gordon,9.0,7.9,2.8,1.3,.286,73.0%,4.10,4.33,0.1,HOU,SP
J.P. France,9.0,7.9,3.0,1.3,.293,71.8%,4.38,4.41,0.1,HOU,SP
Total,937.0,8.9,3.3,1.1,.298,72.7%,3.99,4.01,12.7,HOU,SP
Josh Hader,70.0,12.5,3.6,1.1,.280,77.7%,3.16,3.24,1.4,HOU,RP
Ryan Pressly,64.0,9.5,2.8,0.9,.302,74.0%,3.47,3.41,0.8,HOU,RP
Bryan Abreu,75.0,11.4,3.6,0.9,.291,75.5%,3.30,3.31,1.0,HOU,RP
Tayler Scott,68.0,8.8,3.9,1.1,.294,72.1%,4.25,4.29,0.0,HOU,RP
Bryan King,61.0,9.0,3.6,1.0,.296,74.1%,3.76,3.96,0.2,HOU,RP
Kaleb Ort,58.0,9.2,3.6,1.3,.287,73.0%,4.24,4.34,0.0,HOU,RP
Forrest Whitley,54.0,9.5,3.8,1.0,.296,73.8%,3.77,3.88,0.1,HOU,RP
Hayden Wesneski,52.0,8.5,2.9,1.3,.295,72.4%,4.17,4.21,0.0,HOU,RP
Shawn Dubin,48.0,9.2,3.9,1.0,.298,73.3%,3.92,4.01,0.0,HOU,RP
Nick Hernandez,44.0,8.9,3.5,1.4,.282,72.8%,4.32,4.50,0.0,HOU,RP
Luis Contreras,41.0,8.5,3.7,1.3,.291,72.1%,4.39,4.50,0.0,HOU,RP
Bennett Sousa,36.0,8.7,3.6,1.1,.296,73.8%,3.92,4.11,0.0,HOU,RP
Rafael Montero,30.0,8.6,3.7,1.2,.296,71.8%,4.30,4.30,0.0,HOU,RP
Miguel Castro,28.0,7.9,3.7,1.1,.297,71.4%,4.38,4.45,0.0,HOU,RP
Steven Okert,26.0,9.5,3.8,1.3,.285,73.6%,4.21,4.41,0.0,HOU,RP
Lance McCullers Jr.,24.0,8.7,3.3,1.0,.303,72.7%,3.89,3.93,0.0,HOU,RP
Ryan Gusto,22.0,7.3,3.0,1.4,.291,71.1%,4.54,4.65,0.0,HOU,RP
J.P. France,21.0,7.9,3.0,1.3,.293,71.8%,4.38,4.41,0.0,HOU,RP
Colton Gordon,17.0,7.9,2.8,1.3,.286,73.0%,4.10,4.33,0.0,HOU,RP
Cristian Javier,15.0,9.9,3.0,1.4,.280,73.8%,4.00,4.04,0.0,HOU,RP
Luis Garcia,12.0,8.8,2.8,1.3,.290,72.4%,4.21,4.19,0.0,HOU,RP
A.J. Blubaugh,10.0,8.6,3.1,1.2,.292,72.9%,4.03,4.11,0.0,HOU,RP
Total,521.0,9.4,3.5,1.1,.292,73.5%,3.93,4.01,3.7,HOU,RP
Blake Snell,179.0,11.7,3.9,1.1,.290,76.0%,3.51,3.53,3.6,LAD,SP
Yoshinobu Yamamoto,159.0,9.5,2.5,1.1,.298,73.9%,3.57,3.54,3.1,LAD,SP
Tyler Glasnow,144.0,11.2,2.5,1.0,.295,75.2%,3.22,3.06,3.7,LAD,SP
Shohei Ohtani,139.0,10.5,2.9,1.1,.291,75.0%,3.49,3.53,2.8,LAD,SP
Tony Gonsolin,117.0,8.0,3.1,1.5,.292,71.2%,4.70,4.71,0.8,LAD,SP
Dustin May,82.0,9.5,3.1,1.1,.298,73.4%,3.73,3.73,1.5,LAD,SP
Bobby Miller,70.0,8.7,3.2,1.2,.298,72.5%,4.07,4.10,0.9,LAD,SP
Landon Knack,18.0,9.0,2.8,1.5,.286,72.9%,4.30,4.36,0.2,LAD,SP
Ben Casparius,9.0,8.6,3.9,1.4,.285,72.5%,4.57,4.77,0.0,LAD,SP
Justin Wrobleski,9.0,8.1,3.1,1.3,.291,73.4%,4.22,4.43,0.1,LAD,SP
Total,927.0,10.0,3.0,1.1,.294,74.1%,3.72,3.71,16.8,LAD,SP
Michael Kopech,66.0,10.6,4.1,1.2,.287,73.7%,4.04,4.07,0.3,LAD,RP
Blake Treinen,64.0,9.8,2.8,1.0,.297,74.2%,3.55,3.54,0.9,LAD,RP
Evan Phillips,63.0,10.2,2.9,1.1,.294,74.9%,3.51,3.52,0.7,LAD,RP
Anthony Banda,62.0,9.0,3.4,1.1,.294,74.4%,3.82,4.05,0.3,LAD,RP
Ryan Brasier,60.0,8.9,2.7,1.2,.295,73.2%,3.95,3.97,0.2,LAD,RP
Alex Vesia,59.0,11.1,3.9,1.3,.278,76.5%,3.74,3.96,0.3,LAD,RP
Michael Grove,54.0,9.6,2.6,1.2,.294,74.4%,3.66,3.71,0.1,LAD,RP
Edgardo Henriquez,50.0,9.2,4.2,1.3,.290,73.3%,4.30,4.49,0.0,LAD,RP
Giovanny Gallegos,46.0,8.5,3.2,1.5,.288,72.6%,4.56,4.68,-0.1,LAD,RP
Ben Casparius,42.0,8.6,3.9,1.4,.285,72.5%,4.57,4.77,-0.1,LAD,RP
Dustin May,40.0,9.5,3.1,1.1,.298,73.4%,3.73,3.73,0.1,LAD,RP
Justin Wrobleski,38.0,8.1,3.1,1.3,.291,73.4%,4.22,4.43,0.0,LAD,RP
Landon Knack,34.0,9.0,2.8,1.5,.286,72.9%,4.30,4.36,0.0,LAD,RP
Jack Dreyer,25.0,8.8,3.9,1.3,.290,74.1%,4.18,4.45,0.0,LAD,RP
Bobby Miller,26.0,8.7,3.2,1.2,.298,72.5%,4.07,4.10,0.0,LAD,RP
Brusdar Graterol,24.0,8.1,2.8,0.9,.303,73.4%,3.62,3.73,0.1,LAD,RP
Joe Jacques,22.0,6.9,3.4,1.0,.302,72.6%,4.13,4.43,0.0,LAD,RP
Nick Frasso,17.0,8.5,2.9,1.3,.290,73.0%,4.05,4.21,0.0,LAD,RP
Tony Gonsolin,15.0,8.0,3.1,1.5,.292,71.2%,4.70,4.71,0.0,LAD,RP
Justin Jarvis,13.0,7.7,3.1,1.5,.287,72.1%,4.62,4.79,0.0,LAD,RP
Ronan Kopp,10.0,9.4,5.6,1.2,.287,74.1%,4.46,4.87,0.0,LAD,RP
Total,531.0,9.3,3.3,1.2,.292,73.7%,3.99,4.10,2.9,LAD,RP
Freddy Peralta,178.0,10.4,3.2,1.2,.287,74.1%,3.78,3.81,3.1,MIL,SP
Brandon Woodruff,157.0,9.6,2.4,1.2,.291,73.6%,3.79,3.76,2.6,MIL,SP
Aaron Civale,143.0,8.5,2.7,1.5,.294,71.9%,4.45,4.41,1.5,MIL,SP
Tobias Myers,135.0,8.0,2.8,1.4,.291,71.9%,4.48,4.54,1.2,MIL,SP
Nestor Cortes,128.0,9.1,2.5,1.4,.284,74.0%,4.02,4.12,1.9,MIL,SP
Aaron Ashby,72.0,8.4,4.5,0.9,.306,73.0%,4.06,4.23,0.7,MIL,SP
DL Hall,53.0,9.4,3.9,1.1,.295,74.1%,3.95,4.13,0.7,MIL,SP
Jacob Misiorowski,28.0,9.4,4.5,1.2,.291,72.5%,4.32,4.49,0.2,MIL,SP
Chad Patrick,18.0,7.9,2.6,1.4,.286,72.0%,4.38,4.51,0.1,MIL,SP
Carlos Rodriguez,9.0,8.2,3.3,1.4,.285,72.3%,4.45,4.66,0.1,MIL,SP
Total,921.0,9.1,3.0,1.3,.291,73.1%,4.09,4.14,12.2,MIL,SP
Trevor Megill,65.0,11.1,3.2,1.0,.292,74.9%,3.48,3.41,1.1,MIL,RP
Jared Koenig,64.0,9.0,3.0,1.0,.297,74.5%,3.61,3.75,0.6,MIL,RP
Joel Payamps,63.0,8.8,2.9,1.1,.293,73.5%,3.86,3.95,0.4,MIL,RP
Bryan Hudson,62.0,9.8,3.3,1.0,.295,75.3%,3.55,3.71,0.5,MIL,RP
Nick Mears,60.0,11.0,4.0,1.0,.292,75.2%,3.63,3.66,0.3,MIL,RP
Elvis Peguero,58.0,8.5,3.7,0.9,.305,72.7%,3.92,3.96,0.1,MIL,RP
Connor Thomas,54.0,6.6,2.3,1.0,.301,72.6%,3.89,4.09,0.0,MIL,RP
Abner Uribe,53.0,10.7,4.8,0.8,.300,75.4%,3.51,3.68,0.2,MIL,RP
Craig Yoho,50.0,9.9,3.7,1.0,.297,74.2%,3.72,3.79,0.1,MIL,RP
DL Hall,47.0,9.4,3.9,1.1,.295,74.1%,3.95,4.13,0.1,MIL,RP
Jacob Misiorowski,37.0,9.4,4.5,1.2,.291,72.5%,4.32,4.49,0.0,MIL,RP
Aaron Ashby,36.0,8.4,4.5,0.9,.306,73.0%,4.06,4.23,0.0,MIL,RP
Grant Anderson,34.0,8.8,3.4,1.2,.292,72.7%,4.17,4.27,0.0,MIL,RP
J.B. Bukauskas,28.0,7.9,3.0,1.0,.303,72.6%,3.90,3.96,0.0,MIL,RP
Grant Wolfram,25.0,8.4,4.1,1.2,.293,73.4%,4.27,4.51,0.0,MIL,RP
Chad Patrick,24.0,7.9,2.6,1.4,.286,72.0%,4.38,4.51,0.0,MIL,RP
Deivi García,23.0,8.7,4.3,1.3,.290,72.2%,4.55,4.69,0.0,MIL,RP
Vinny Nittoli,19.0,8.3,3.1,1.3,.291,72.2%,4.34,4.43,0.0,MIL,RP
Nestor Cortes,18.0,9.1,2.5,1.4,.284,74.0%,4.02,4.12,0.0,MIL,RP
Bruce Zimmermann,15.0,8.2,2.1,1.2,.296,73.8%,3.78,3.88,0.0,MIL,RP
Carlos Rodriguez,12.0,8.2,3.3,1.4,.285,72.3%,4.45,4.66,0.0,MIL,RP
Logan Henderson,10.0,9.6,2.6,1.3,.285,74.1%,3.86,3.92,0.0,MIL,RP
Total,537.0,9.2,3.5,1.1,.296,73.8%,3.86,3.97,3.4,MIL,RP
MacKenzie Gore,174.0,9.7,3.4,1.1,.289,74.1%,3.75,3.87,2.7,WSH,SP
Jake Irvin,169.0,7.5,2.9,1.3,.294,71.6%,4.34,4.45,1.6,WSH,SP
Mitchell Parker,145.0,7.9,3.3,1.3,.288,72.9%,4.26,4.46,1.3,WSH,SP
DJ Herz,130.0,9.7,4.4,1.2,.280,74.5%,4.01,4.33,1.5,WSH,SP
Trevor Williams,96.0,7.2,2.7,1.4,.293,71.4%,4.50,4.59,0.8,WSH,SP
Cade Cavalli,83.0,8.5,3.4,1.2,.290,72.1%,4.18,4.30,0.9,WSH,SP
Michael Soroka,80.0,8.4,3.5,1.2,.293,72.0%,4.25,4.36,0.9,WSH,SP
Jackson Rutledge,9.0,7.7,3.6,1.2,.288,71.7%,4.36,4.59,0.1,WSH,SP
Brad Lord,9.0,6.5,3.3,1.2,.293,70.5%,4.56,4.74,0.1,WSH,SP
Josiah Gray,9.0,8.3,3.4,1.5,.284,72.1%,4.59,4.76,0.1,WSH,SP
Total,905.0,8.5,3.4,1.2,.289,72.8%,4.17,4.32,9.9,WSH,SP
Derek Law,77.0,7.8,3.1,1.0,.295,72.8%,3.94,4.09,0.4,WSH,RP
Jose A. Ferrer,63.0,7.7,3.3,0.9,.298,73.7%,3.71,4.00,0.5,WSH,RP
Eduardo Salazar,61.0,6.6,3.4,1.0,.297,71.5%,4.25,4.52,-0.1,WSH,RP
Joan Adon,60.0,7.6,3.4,1.1,.294,72.3%,4.21,4.44,0.0,WSH,RP
Joe La Sorsa,59.0,6.3,2.7,1.2,.291,71.7%,4.31,4.60,-0.1,WSH,RP
Zach Brzykcy,58.0,8.6,4.2,1.2,.289,72.8%,4.31,4.51,-0.1,WSH,RP
Evan Reifert,56.0,9.0,4.4,1.1,.290,73.2%,4.13,4.35,0.0,WSH,RP
Mason Thompson,53.0,7.5,3.5,1.1,.297,72.1%,4.17,4.33,0.0,WSH,RP
Orlando Ribalta,48.0,8.1,4.4,1.3,.282,72.4%,4.59,4.89,0.0,WSH,RP
Amos Willingham,45.0,7.4,3.5,1.3,.291,71.6%,4.51,4.68,-0.1,WSH,RP
Michael Soroka,41.0,8.4,3.5,1.2,.293,72.0%,4.25,4.36,0.0,WSH,RP
Tyler Stuart,35.0,8.0,2.7,1.1,.292,73.0%,3.79,3.96,0.1,WSH,RP
Trevor Williams,33.0,7.2,2.7,1.4,.293,71.4%,4.50,4.59,0.0,WSH,RP
Andry Lara,28.0,7.0,3.2,1.3,.288,71.9%,4.36,4.61,0.0,WSH,RP
Jackson Rutledge,26.0,7.7,3.6,1.2,.288,71.7%,4.36,4.59,0.0,WSH,RP
Cade Cavalli,24.0,8.5,3.4,1.2,.290,72.1%,4.18,4.30,0.0,WSH,RP
Chase Solesky,22.0,5.8,2.8,1.3,.293,70.5%,4.66,4.85,0.0,WSH,RP
DJ Herz,21.0,9.7,4.4,1.2,.280,74.5%,4.01,4.33,0.0,WSH,RP
Andrew Alvarez,17.0,6.9,3.1,1.0,.296,73.1%,3.89,4.22,0.0,WSH,RP
Clay Helvey,15.0,7.8,4.3,1.2,.294,71.9%,4.47,4.67,0.0,WSH,RP
Mitchell Parker,12.0,7.9,3.3,1.3,.288,72.9%,4.26,4.46,0.0,WSH,RP
Josiah Gray,10.0,8.3,3.4,1.5,.284,72.1%,4.59,4.76,0.0,WSH,RP
Total,553.0,7.7,3.5,1.2,.292,72.4%,4.21,4.42,0.4,WSH,RP
Sean Manaea,181.0,9.0,3.2,1.3,.287,73.5%,4.01,4.17,2.0,NYM,SP
Frankie Montas,155.0,8.6,3.2,1.2,.290,73.1%,4.05,4.18,1.8,NYM,SP
Kodai Senga,152.0,9.8,3.6,1.1,.288,74.3%,3.73,3.85,2.6,NYM,SP
David Peterson,144.0,8.3,3.4,1.0,.297,74.6%,3.67,4.00,1.7,NYM,SP
Clay Holmes,120.0,8.4,3.6,0.7,.303,73.5%,3.52,3.69,1.8,NYM,SP
Paul Blackburn,72.0,7.8,2.5,1.2,.294,72.6%,4.04,4.14,0.8,NYM,SP
Griffin Canning,54.0,8.3,2.8,1.3,.290,73.5%,4.07,4.24,0.5,NYM,SP
Tylor Megill,18.0,9.7,2.9,1.0,.290,74.9%,3.47,3.60,0.3,NYM,SP
Brandon Sproat,18.0,7.9,3.3,1.2,.291,72.2%,4.17,4.32,0.2,NYM,SP
Jonathan Pintaro,9.0,7.2,3.3,1.2,.293,71.3%,4.39,4.55,0.1,NYM,SP
Total,922.0,8.7,3.3,1.1,.293,73.6%,3.86,4.03,11.8,NYM,SP
Edwin Díaz,66.0,12.5,3.3,0.8,.284,76.6%,2.91,2.85,1.6,NYM,RP
José Buttó,62.0,9.0,3.3,1.1,.286,73.8%,3.86,4.03,0.2,NYM,RP
Reed Garrett,68.0,10.2,3.7,1.0,.288,75.7%,3.42,3.63,0.7,NYM,RP
Dedniel Núñez,61.0,10.0,3.3,1.0,.285,75.5%,3.44,3.61,0.5,NYM,RP
Danny Young,59.0,9.4,3.9,0.9,.295,74.7%,3.56,3.87,0.1,NYM,RP
Sean Reid-Foley,56.0,9.9,4.4,1.0,.290,74.6%,3.75,3.93,0.1,NYM,RP
Huascar Brazobán,54.0,9.1,4.0,1.0,.291,73.7%,3.84,4.04,0.0,NYM,RP
Tylor Megill,50.0,9.7,2.9,1.0,.290,74.9%,3.47,3.60,0.2,NYM,RP
Génesis Cabrera,48.0,8.5,3.9,1.2,.286,73.8%,4.09,4.40,0.0,NYM,RP
Griffin Canning,44.0,8.3,2.8,1.3,.290,73.5%,4.07,4.24,0.0,NYM,RP
Paul Blackburn,40.0,7.8,2.5,1.2,.294,72.6%,4.04,4.14,0.0,NYM,RP
Dylan Covey,36.0,7.7,3.4,0.9,.298,73.0%,3.87,4.07,0.0,NYM,RP
Kevin Herget,34.0,7.8,2.4,1.3,.285,73.0%,3.98,4.17,0.0,NYM,RP
Chris Devenski,30.0,8.3,3.1,1.4,.284,72.0%,4.35,4.45,0.0,NYM,RP
Max Kranick,26.0,7.6,3.1,1.3,.282,73.2%,4.24,4.57,0.0,NYM,RP
Clay Holmes,24.0,8.4,3.6,0.7,.303,73.5%,3.52,3.69,0.0,NYM,RP
Justin Hagenman,22.0,8.3,2.6,1.3,.286,73.0%,4.01,4.16,0.0,NYM,RP
Tyler Zuber,19.0,8.1,3.9,1.4,.285,72.0%,4.64,4.81,0.0,NYM,RP
Grant Hartwig,17.0,7.8,3.9,1.1,.292,72.5%,4.21,4.49,0.0,NYM,RP
Kodai Senga,14.0,9.8,3.6,1.1,.288,74.3%,3.73,3.85,0.0,NYM,RP
Bryce Montes de Oca,12.0,10.9,4.6,1.0,.289,75.3%,3.62,3.83,0.0,NYM,RP
David Peterson,10.0,8.3,3.4,1.0,.297,74.6%,3.67,4.00,0.0,NYM,RP
Total,536.0,9.2,3.4,1.1,.289,74.1%,3.75,3.92,3.6,NYM,RP
Zack Wheeler,201.0,9.6,2.3,1.0,.288,74.8%,3.32,3.41,4.7,PHI,SP
Aaron Nola,188.0,8.9,2.2,1.3,.293,73.3%,3.83,3.82,3.2,PHI,SP
Cristopher Sánchez,170.0,7.9,2.5,0.9,.302,73.7%,3.48,3.62,3.2,PHI,SP
Ranger Suárez,155.0,8.1,2.9,0.9,.298,73.9%,3.59,3.77,2.8,PHI,SP
Jesús Luzardo,146.0,9.3,3.1,1.3,.287,74.4%,3.93,4.11,2.1,PHI,SP
Andrew Painter,65.0,8.2,3.0,1.4,.287,72.1%,4.37,4.50,0.7,PHI,SP
Taijuan Walker,18.0,6.9,2.9,1.4,.292,72.0%,4.48,4.71,0.2,PHI,SP
Joe Ross,9.0,8.2,3.0,1.2,.292,73.5%,4.00,4.21,0.1,PHI,SP
Total,951.0,8.7,2.6,1.1,.293,73.8%,3.69,3.80,16.9,PHI,SP
Jordan Romano,60.0,9.6,3.5,1.2,.288,73.7%,3.88,3.98,0.5,PHI,RP
Matt Strahm,68.0,10.7,2.5,1.1,.283,76.2%,3.29,3.41,1.3,PHI,RP
Orion Kerkering,64.0,10.3,3.1,0.9,.294,75.3%,3.20,3.30,1.0,PHI,RP
José Alvarado,62.0,10.5,4.1,0.9,.293,76.2%,3.29,3.55,0.7,PHI,RP
Tanner Banks,70.0,9.0,3.0,1.1,.292,74.5%,3.64,3.83,0.4,PHI,RP
José Ruiz,60.0,8.7,3.5,1.2,.291,73.2%,4.09,4.24,0.1,PHI,RP
Joe Ross,56.0,8.2,3.0,1.2,.292,73.5%,4.00,4.21,0.1,PHI,RP
Max Lazar,50.0,7.4,3.0,1.2,.295,72.2%,4.19,4.34,0.1,PHI,RP
Taijuan Walker,48.0,6.9,2.9,1.4,.292,72.0%,4.48,4.71,0.0,PHI,RP
Tyler Phillips,43.0,6.9,2.6,1.1,.298,72.2%,4.04,4.21,0.1,PHI,RP
Michael Mercado,40.0,8.0,3.7,1.5,.284,72.1%,4.66,4.90,-0.1,PHI,RP
Devin Sweet,33.0,8.7,3.6,1.3,.286,73.0%,4.26,4.45,0.0,PHI,RP
Alan Rangel,30.0,8.0,2.8,1.5,.279,72.8%,4.34,4.59,0.0,PHI,RP
Kyle Tyler,28.0,7.3,3.3,1.1,.295,72.3%,4.22,4.43,0.0,PHI,RP
Griff McGarry,26.0,9.0,5.4,1.2,.289,72.9%,4.55,4.83,0.0,PHI,RP
Seth Johnson,24.0,7.5,4.0,1.4,.289,71.6%,4.76,4.96,0.0,PHI,RP
Mick Abel,22.0,8.3,4.2,1.2,.289,72.6%,4.38,4.64,0.0,PHI,RP
John McMillon,21.0,9.9,4.8,1.1,.290,74.3%,4.04,4.27,0.0,PHI,RP
Guillo Zuñiga,17.0,7.5,3.9,1.4,.289,71.6%,4.74,4.96,0.0,PHI,RP
Jesús Luzardo,15.0,9.3,3.1,1.3,.287,74.4%,3.93,4.11,0.0,PHI,RP
Ranger Suárez,12.0,8.1,2.9,0.9,.298,73.9%,3.59,3.77,0.0,PHI,RP
Andrew Painter,10.0,8.2,3.0,1.4,.287,72.1%,4.37,4.50,0.0,PHI,RP
Total,507.0,8.8,3.3,1.2,.290,73.6%,3.96,4.15,4.1,PHI,RP
Paul Skenes,188.0,11.6,2.6,0.8,.299,76.3%,2.80,2.67,5.8,PIT,SP
Mitch Keller,182.0,8.2,2.8,1.1,.301,70.3%,4.25,4.09,2.3,PIT,SP
Jared Jones,159.0,9.3,3.1,1.1,.293,73.0%,3.91,3.91,2.5,PIT,SP
Bailey Falter,121.0,6.8,2.7,1.4,.294,70.8%,4.61,4.64,1.0,PIT,SP
Johan Oviedo,118.0,7.7,3.7,1.1,.301,70.9%,4.46,4.47,1.0,PIT,SP
Bubba Chandler,92.0,7.8,3.7,1.2,.297,71.0%,4.50,4.52,0.7,PIT,SP
Mike Burrows,37.0,7.8,3.3,1.3,.293,71.2%,4.48,4.50,0.4,PIT,SP
Braxton Ashcraft,18.0,7.7,2.4,1.2,.299,71.6%,4.11,4.04,0.2,PIT,SP
Thomas Harrington,9.0,7.4,2.5,1.4,.290,71.1%,4.43,4.46,0.1,PIT,SP
Hunter Barco,9.0,7.4,3.4,1.1,.300,71.5%,4.37,4.45,0.1,PIT,SP
Total,934.0,8.7,3.0,1.1,.297,72.1%,4.01,3.96,14.1,PIT,SP
David Bednar,67.0,9.7,3.4,1.1,.291,73.4%,3.81,3.79,0.9,PIT,RP
Dennis Santana,70.0,8.5,3.7,1.0,.299,72.3%,4.13,4.14,0.2,PIT,RP
Colin Holderman,64.0,9.2,3.7,0.9,.299,72.9%,3.85,3.88,0.6,PIT,RP
Kyle Nicolas,62.0,9.2,4.2,1.1,.296,73.0%,4.11,4.20,0.0,PIT,RP
Carmen Mlodzinski,61.0,8.2,3.5,1.1,.300,71.9%,4.21,4.19,0.1,PIT,RP
Joey Wentz,67.0,8.9,3.5,1.1,.294,73.3%,4.03,4.09,0.2,PIT,RP
Tanner Rainey,57.0,8.0,4.2,1.4,.287,71.3%,4.83,4.97,-0.1,PIT,RP
Peter Strzelecki,53.0,7.7,3.5,1.2,.297,70.7%,4.54,4.52,0.0,PIT,RP
Dauri Moreta,48.0,9.4,3.7,1.1,.292,72.9%,4.09,4.11,0.0,PIT,RP
Elvis Alvarado,42.0,8.2,4.4,1.1,.296,71.8%,4.48,4.59,0.0,PIT,RP
Yohan Ramírez,37.0,8.1,3.8,1.0,.303,71.6%,4.19,4.32,0.0,PIT,RP
Braxton Ashcraft,33.0,7.7,2.4,1.2,.299,71.6%,4.11,4.04,0.0,PIT,RP
Mike Burrows,30.0,7.8,3.3,1.3,.293,71.2%,4.48,4.50,0.0,PIT,RP
Eddy Yean,28.0,6.4,3.8,1.1,.301,70.3%,4.74,4.80,0.0,PIT,RP
Hunter Stratton,26.0,8.5,3.4,1.1,.294,72.2%,4.15,4.21,0.0,PIT,RP
Bailey Falter,24.0,6.8,2.7,1.4,.294,70.8%,4.61,4.64,0.0,PIT,RP
Carson Fulmer,22.0,7.9,3.8,1.1,.304,71.7%,4.42,4.42,0.0,PIT,RP
Isaac Mattson,19.0,8.3,4.7,1.2,.292,71.8%,4.62,4.75,0.0,PIT,RP
Johan Oviedo,17.0,7.7,3.7,1.1,.301,70.9%,4.46,4.47,0.0,PIT,RP
J.C. Flowers,12.0,6.4,5.1,1.1,.302,70.3%,5.03,5.16,0.0,PIT,RP
Thomas Harrington,10.0,7.4,2.5,1.4,.290,71.1%,4.43,4.46,0.0,PIT,RP
Jared Jones,8.0,9.3,3.1,1.1,.293,73.0%,3.91,3.91,0.0,PIT,RP
Total,524.0,8.4,3.7,1.1,.296,72.0%,4.25,4.29,1.8,PIT,RP
Sonny Gray,185.0,9.6,2.5,1.0,.296,74.0%,3.40,3.36,3.7,STL,SP
Erick Fedde,179.0,7.7,2.8,1.2,.293,72.0%,4.21,4.27,2.2,STL,SP
Miles Mikolas,176.0,6.5,1.7,1.3,.296,70.8%,4.29,4.32,1.8,STL,SP
Andre Pallante,137.0,6.7,3.6,0.8,.310,71.6%,4.00,4.10,1.5,STL,SP
Steven Matz,88.0,8.0,2.5,1.1,.294,72.6%,3.89,3.98,1.2,STL,SP
Quinn Mathews,83.0,8.1,3.4,1.1,.293,73.2%,3.97,4.20,0.9,STL,SP
Tink Hence,37.0,7.5,3.3,1.2,.293,71.7%,4.30,4.43,0.3,STL,SP
Michael McGreevy,19.0,6.8,1.9,1.0,.299,72.4%,3.69,3.79,0.3,STL,SP
Tekoah Roby,18.0,6.7,3.1,1.3,.292,70.6%,4.65,4.77,0.1,STL,SP
Gordon Graceffo,9.0,6.7,2.7,1.2,.293,71.5%,4.31,4.47,0.1,STL,SP
Total,932.0,7.7,2.7,1.1,.297,72.2%,3.99,4.05,11.9,STL,SP
Ryan Helsley,67.0,11.3,3.4,0.9,.285,77.0%,3.05,3.15,1.5,STL,RP
Matthew Liberatore,68.0,8.7,3.0,1.0,.292,74.6%,3.58,3.81,0.5,STL,RP
Ryan Fernandez,66.0,8.8,3.6,1.0,.295,73.6%,3.81,3.94,0.2,STL,RP
JoJo Romero,62.0,8.8,3.1,0.9,.297,75.2%,3.45,3.71,0.3,STL,RP
John King,60.0,6.3,2.7,0.8,.308,72.6%,3.72,3.89,0.2,STL,RP
Kyle Leahy,57.0,7.1,3.1,1.1,.297,72.2%,4.14,4.31,0.0,STL,RP
Zack Thompson,55.0,9.2,3.7,1.0,.291,75.0%,3.62,3.91,0.1,STL,RP
Riley O'Brien,51.0,9.0,4.2,0.9,.297,73.9%,3.75,3.98,0.1,STL,RP
Chris Roycroft,48.0,7.5,3.9,0.9,.299,72.6%,4.06,4.29,0.0,STL,RP
Ryan Loutos,44.0,7.2,3.6,1.1,.297,72.1%,4.25,4.43,0.0,STL,RP
Gordon Graceffo,40.0,6.7,2.7,1.2,.293,71.5%,4.31,4.47,0.0,STL,RP
Matt Svanson,38.0,6.4,3.5,1.0,.301,71.4%,4.27,4.47,0.0,STL,RP
Michael McGreevy,35.0,6.8,1.9,1.0,.299,72.4%,3.69,3.79,0.0,STL,RP
Steven Matz,28.0,8.0,2.5,1.1,.294,72.6%,3.89,3.98,0.0,STL,RP
Roddery Muñoz,26.0,8.1,3.6,1.3,.292,72.5%,4.39,4.55,0.0,STL,RP
Sem Robberse,24.0,7.5,2.7,1.1,.292,72.7%,3.96,4.13,0.0,STL,RP
Andre Pallante,22.0,6.7,3.6,0.8,.310,71.6%,4.00,4.10,0.0,STL,RP
Andre Granillo,21.0,8.1,4.6,1.3,.284,72.4%,4.66,4.92,0.0,STL,RP
Packy Naughton,17.0,7.9,3.0,1.0,.296,73.9%,3.72,3.97,0.0,STL,RP
Drew Rom,15.0,8.6,3.2,1.0,.294,74.2%,3.66,3.88,0.0,STL,RP
Ian Bedell,12.0,7.6,3.2,1.3,.288,71.9%,4.35,4.54,0.0,STL,RP
Alex Cornwell,10.0,6.6,2.8,0.9,.300,73.2%,3.76,4.05,0.0,STL,RP
Total,526.0,8.1,3.3,1.0,.296,73.4%,3.83,4.02,2.8,STL,RP
Dylan Cease,191.0,10.7,3.4,1.1,.288,75.2%,3.52,3.56,3.6,SDP,SP
Michael King,180.0,9.6,3.2,1.1,.291,74.3%,3.69,3.82,3.1,SDP,SP
Yu Darvish,168.0,8.6,2.5,1.3,.290,71.6%,4.20,4.19,2.0,SDP,SP
Randy Vásquez,140.0,6.8,3.1,1.4,.293,70.3%,4.71,4.86,1.0,SDP,SP
Matt Waldron,118.0,7.2,2.7,1.4,.290,70.4%,4.60,4.69,0.9,SDP,SP
Omar Cruz,65.0,7.8,4.1,1.3,.287,72.3%,4.49,4.83,0.3,SDP,SP
Ryan Bergert,28.0,7.1,3.4,1.5,.287,71.2%,4.76,4.96,0.1,SDP,SP
Austin Krob,18.0,7.0,3.4,1.0,.298,72.6%,4.07,4.35,0.2,SDP,SP
Jhony Brito,9.0,7.2,2.9,1.2,.295,71.9%,4.19,4.33,0.1,SDP,SP
Adrian Morejon,9.0,9.4,3.4,1.0,.292,74.8%,3.63,3.82,0.1,SDP,SP
Total,925.0,8.6,3.1,1.2,.290,72.5%,4.12,4.22,11.5,SDP,SP
Robert Suarez,65.0,9.5,3.0,1.1,.291,74.8%,3.59,3.73,0.8,SDP,RP
Jason Adam,70.0,10.4,3.2,1.0,.286,74.1%,3.48,3.54,1.0,SDP,RP
Jeremiah Estrada,64.0,11.8,3.9,1.0,.286,76.8%,3.29,3.40,0.8,SDP,RP
Sean Reynolds,62.0,8.6,4.4,1.2,.292,72.9%,4.32,4.54,-0.2,SDP,RP
Bryan Hoeing,67.0,7.4,2.8,1.1,.301,72.3%,4.07,4.15,0.1,SDP,RP
Adrian Morejon,58.0,9.4,3.4,1.0,.292,74.8%,3.63,3.82,0.2,SDP,RP
Yuki Matsui,55.0,10.4,3.8,1.1,.288,76.4%,3.56,3.79,0.1,SDP,RP
Wandy Peralta,53.0,8.1,3.7,1.0,.297,74.2%,3.78,4.13,0.1,SDP,RP
Alek Jacob,48.0,7.9,3.5,1.2,.290,72.2%,4.33,4.54,0.0,SDP,RP
Tom Cosgrove,44.0,8.2,3.8,1.2,.288,73.2%,4.20,4.53,0.0,SDP,RP
Stephen Kolek,40.0,7.6,3.1,1.0,.299,72.7%,3.92,4.12,0.0,SDP,RP
Jhony Brito,36.0,7.2,2.9,1.2,.295,71.9%,4.19,4.33,0.0,SDP,RP
Francis Pena,33.0,7.5,3.6,1.1,.297,72.4%,4.16,4.36,0.0,SDP,RP
Juan Nuñez,28.0,7.4,5.1,1.4,.287,71.4%,5.05,5.36,-0.1,SDP,RP
Bradgley Rodriguez,26.0,8.4,4.5,1.2,.290,72.6%,4.46,4.71,0.0,SDP,RP
Omar Cruz,24.0,7.8,4.1,1.3,.287,72.3%,4.49,4.83,0.0,SDP,RP
Austin Krob,22.0,7.0,3.4,1.0,.298,72.6%,4.07,4.35,0.0,SDP,RP
Ryan Och,19.0,9.0,4.6,1.1,.293,74.0%,4.12,4.43,0.0,SDP,RP
Ryan Bergert,17.0,7.1,3.4,1.5,.287,71.2%,4.76,4.96,0.0,SDP,RP
Jared Kollar,12.0,6.8,2.5,1.4,.289,71.5%,4.51,4.68,0.0,SDP,RP
Jay Groome,10.0,7.9,4.1,1.3,.289,73.1%,4.38,4.71,0.0,SDP,RP
Randy Vásquez,8.0,6.8,3.1,1.4,.293,70.3%,4.71,4.86,0.0,SDP,RP
Total,533.0,8.7,3.6,1.1,.292,73.5%,3.97,4.17,2.7,SDP,RP
Logan Webb,204.0,7.8,2.0,0.8,.310,72.1%,3.46,3.29,3.6,SFG,SP
Robbie Ray,161.0,9.7,2.9,1.3,.288,73.3%,3.96,3.95,1.9,SFG,SP
Kyle Harrison,145.0,9.2,3.3,1.2,.292,72.7%,4.06,4.09,1.3,SFG,SP
Jordan Hicks,131.0,8.0,3.9,0.9,.304,71.4%,4.18,4.19,0.9,SFG,SP
Hayden Birdsong,95.0,9.5,4.0,1.1,.293,72.9%,4.07,4.11,0.7,SFG,SP
Landen Roupp,82.0,8.6,3.6,1.0,.297,72.8%,3.89,3.94,1.0,SFG,SP
Mason Black,44.0,8.0,3.0,1.2,.293,71.3%,4.30,4.32,0.3,SFG,SP
Carson Whisenhunt,46.0,8.6,3.4,1.1,.292,73.1%,3.95,4.08,0.4,SFG,SP
Tristan Beck,9.0,7.9,2.4,1.2,.293,72.2%,3.98,4.02,0.1,SFG,SP
Trevor McDonald,9.0,7.1,2.9,0.9,.302,71.3%,4.01,4.08,0.1,SFG,SP
Total,926.0,8.7,3.1,1.0,.298,72.4%,3.92,3.90,10.4,SFG,SP
Ryan Walker,72.0,10.7,2.9,0.8,.295,75.4%,3.08,3.09,1.1,SFG,RP
Tyler Rogers,70.0,6.4,2.1,1.0,.303,70.6%,4.04,4.02,0.1,SFG,RP
Camilo Doval,64.0,10.8,3.9,0.7,.300,75.1%,3.19,3.21,0.7,SFG,RP
Taylor Rogers,62.0,9.8,3.3,1.0,.295,74.4%,3.58,3.64,0.3,SFG,RP
Erik Miller,67.0,11.2,4.4,0.8,.290,76.8%,3.22,3.44,0.4,SFG,RP
Sean Hjelle,56.0,7.7,2.3,0.8,.307,72.2%,3.62,3.59,0.2,SFG,RP
Randy Rodríguez,53.0,9.1,4.1,1.1,.289,73.3%,4.01,4.19,0.0,SFG,RP
Spencer Bivens,50.0,6.9,2.9,1.0,.299,71.5%,4.12,4.21,0.0,SFG,RP
Tristan Beck,46.0,7.9,2.4,1.2,.293,72.2%,3.98,4.02,0.0,SFG,RP
Austin Warren,42.0,7.4,3.1,1.1,.299,71.5%,4.21,4.25,-0.1,SFG,RP
Trevor McDonald,40.0,7.1,2.9,0.9,.302,71.3%,4.01,4.08,0.0,SFG,RP
Mason Black,38.0,8.0,3.0,1.2,.293,71.3%,4.30,4.32,0.0,SFG,RP
Landen Roupp,30.0,8.6,3.6,1.0,.297,72.8%,3.89,3.94,0.0,SFG,RP
Carson Ragsdale,28.0,9.3,3.2,1.1,.291,73.5%,3.76,3.80,0.0,SFG,RP
Carson Seymour,26.0,7.8,2.6,0.9,.301,72.5%,3.67,3.72,0.0,SFG,RP
Ethan Small,24.0,8.2,3.5,1.1,.289,73.6%,3.95,4.19,0.0,SFG,RP
Trent Harris,22.0,8.1,3.4,1.1,.295,72.4%,4.07,4.13,0.0,SFG,RP
William Kempner,21.0,8.0,3.8,1.1,.296,71.5%,4.40,4.45,0.0,SFG,RP
Hayden Birdsong,17.0,9.5,4.0,1.1,.293,72.9%,4.07,4.11,0.0,SFG,RP
Cole Waites,15.0,8.9,4.1,1.1,.295,72.8%,4.14,4.21,0.0,SFG,RP
Carson Whisenhunt,13.0,8.6,3.4,1.1,.292,73.1%,3.95,4.08,0.0,SFG,RP
Total,532.0,8.7,3.2,1.0,.297,73.1%,3.77,3.83,2.6,SFG,RP
